,link,class,source_site,titles,is_present
0,https://www.4helal.tv/video/series-Rahim-01.html,1,www.4helal.tv,"
مسلسل رحيم الحلقة 1

",1
1,http://krmalk.tv/video/watch.php?vid=8e54b1d51,1,krmalk.tv,مسلسل رحيم الحلقة 2 الثانية HD,1
2,https://www.mzarita.tv/video/watch.php?vid=dfa569e72,1,www.mzarita.tv,مسلسل رحيم الحلقة 3 الثالثة كاملة HD يوتيوب,1
3,https://www.mzarita.tv/video/watch.php?vid=15745165f,1,www.mzarita.tv,مسلسل رحيم الحلقة 2 الثانية كاملة HD يوتيوب,1
4,https://www.mzarita.tv/video/watch.php?vid=c78cbab26,1,www.mzarita.tv,مسلسل رحيم الحلقة 6 السادسة كاملة HD يوتيوب,1
5,https://www.shahidwbas.com/watch.php?vid=b5ee3e84b,1,www.shahidwbas.com,مسلسل رحيم الحلقة 6 السادسة اون لاين HD يوتيوب,1
6,https://www.rotana.video/watch.php?vid=a725098a5,1,www.rotana.video,مشاهدة مسلسل رحيم الحلقة 12 الثانية عشر HD اون لاين,1
7,http://www.s7efty.com/video/watch.php?vid=93efc4cd9,1,www.s7efty.com,مسلسل رحيم  الحلقة 5 كاملة,1
8,https://cera.video/mosalsal-raheem-alhalqa-episode-5-shahid-net-watch-arabic-moshahda-download-tahmel-mbc-drama-al-nahar-cbc-video.html,1,cera.video,"
الرئيسية »  مسلسل رحيم جميع الحلقات »  يي حلقات مسلسلات رمضان 2018 اليومية »  مشاهدة مسلسل رحيم الحلقة 5",1
9,https://qissat.video/watch.php?vid=094525f52,1,qissat.video,مسلسل رحيم الحلقة 1 اون لاين,1
12,http://www.cimaspot.com/video/watch.php?vid=46537f24c,1,www.cimaspot.com,مسلسل رحيم الحلقة 5 الخامسة HD اون لاين كاملة,1
14,https://www.elrdar.com/video/watch.php?vid=d51d049ba,1,www.elrdar.com,الحلقة الثانية مسلسل رحيم حلقة 2 مسلسل رحيم رمضان 2018 اون لاين سيما كلوب,1
15,http://video.arab-x.com/watch.php?vid=5cb9a2c89,1,video.arab-x.com,مسلسل رحيم الحلقة 4 بالعربي FULL HD اون لاين,1
19,https://www.shahidwbas.com/watch.php?vid=c8671b2c1,1,www.shahidwbas.com,مسلسل رحيم الحلقة 2 الثانية اون لاين HD يوتيوب,1
20,https://www.rotana.video/watch.php?vid=9893a1bba,1,www.rotana.video,مشاهدة مسلسل رحيم الحلقة 30 (الأخيرة) HD اون لاين,1
22,http://www.almlf.com/video/watch.php?vid=e2a289fd5,1,www.almlf.com,مسلسل رحيم الحلقة 4 كاملة اون لاين HD,1
25,http://www.egyseries.com/video/watch.php?vid=7c7389104,1,www.egyseries.com,مسلسل رحيم الحلقة 2 | رحيم الحلقة الثانية اون لاين,1
27,http://www.nsaem.net/video/watch.php?vid=9c7544803,1,www.nsaem.net,مسلسل رحيم الحلقة 2 الثانية كاملة HD,1
28,https://www.4helal.tv/video/series-Rahim-02.html,1,www.4helal.tv,"
مسلسل رحيم الحلقة 2

",1
29,http://www.nsaem.net/video/watch.php?vid=144f71825,1,www.nsaem.net,مسلسل رحيم الحلقة 4 الرابعة كاملة HD,1
30,https://www.4helal.tv/video/series-Rahim-episode-05.html,1,www.4helal.tv,"
مسلسل رحيم الحلقة 5

",1
31,https://www.4helal.tv/video/series-Rahim-episode-04.html,1,www.4helal.tv,"
مسلسل رحيم الحلقة 4

",1
32,http://krmalk.tv/video/watch.php?vid=29826cab2,1,krmalk.tv,مسلسل رحيم الحلقة 3 الثالثة HD,1
33,http://krmalk.tv/video/watch.php?vid=46592c399,1,krmalk.tv,مسلسل رحيم الحلقة 4 الرابعة HD,1
34,http://krmalk.tv/video/watch.php?vid=e042b5728,1,krmalk.tv,مسلسل رحيم الحلقة 6 السادسة HD,1
35,https://www.mzarita.tv/video/watch.php?vid=42386a049,1,www.mzarita.tv,مسلسل رحيم الحلقة 4 الرابعة كاملة HD يوتيوب,1
36,http://www.bshwat.com/video/watch.php?vid=6542bdc8e,1,www.bshwat.com,مسلسل رحيم الحلقة 2 الثانية,1
44,http://mosalsalaty.website/watch.php?vid=dd7c62ad3,1,mosalsalaty.website,مسلسل رحيم الحلقة 6 السادسة  اون لاين,1
45,https://www.cimastars.com/watch.php?vid=62fd11c35,1,www.cimastars.com,مسلسل رحيم الحلقة 2 | الحلقة الثانية من مسلسل رحيم,1
46,http://www.cimaspot.com/video/watch.php?vid=1ad2b3258,1,www.cimaspot.com,مسلسل رحيم الحلقة 8 الثامنة,1
47,http://www.cimaspot.com/video/watch.php?vid=943edc378,1,www.cimaspot.com,مسلسل رحيم الحلقة 7 السابعة,1
48,http://www.cimaspot.com/video/watch.php?vid=4b7c413a1,1,www.cimaspot.com,مسلسل رحيم الحلقة 6 السادسة,1
49,http://www.cimaspot.com/video/watch.php?vid=ffb366ed1,1,www.cimaspot.com,مسلسل رحيم الحلقة 9 التاسعة,1
50,http://www.cimaspot.com/video/watch.php?vid=eaaa5fdb0,1,www.cimaspot.com,مسلسل رحيم الحلقة 10 العاشرة,1
52,https://www.emotionvideo-tv.com/watch.php?vid=395d1e02a,1,www.emotionvideo-tv.com,مسلسل رحيم الحلقة 4 الرابعة,1
53,http://shamekh.video/watch.php?vid=7ff12654c,1,shamekh.video,مسلسل رحيم الحلقة 3 الثالثة اون لاين,1
57,https://www.mzarita.tv/video/watch.php?vid=08f071885,1,www.mzarita.tv,مسلسل رحيم الحلقة 5 الخامسة كاملة HD يوتيوب,1
58,https://www.mzarita.tv/video/watch.php?vid=dfa569e72,1,www.mzarita.tv,مسلسل رحيم الحلقة 3 الثالثة كاملة HD يوتيوب,1
59,http://krmalk.tv/video/watch.php?vid=46592c399,1,krmalk.tv,مسلسل رحيم الحلقة 4 الرابعة HD,1
61,https://cera.video/mosalsal-raheem-alhalqa-episode-1-shahid-net-watch-arabic-moshahda-download-tahmel-mbc-drama-al-nahar-cbc-video.html,1,cera.video,"
الرئيسية »  مسلسل رحيم جميع الحلقات »  يي حلقات مسلسلات رمضان 2018 اليومية »  مشاهدة مسلسل رحيم الحلقة 1",1
62,http://www.bshwat.com/video/watch.php?vid=d4b4d0211,1,www.bshwat.com,مسلسل رحيم الحلقة 1 الاولى,1
63,http://krmalk.tv/video/watch.php?vid=91a81f361,1,krmalk.tv,مسلسل رحيم الحلقة 1 الاولي HD,1
64,https://www.shahidwbas.com/watch.php?vid=4c44cc653,1,www.shahidwbas.com,مسلسل رحيم الحلقة 4 الرابعة اون لاين HD يوتيوب,1
66,http://elshra.online/watch.php?vid=7f209f1bd,1,elshra.online,مسلسل رحيم الحلقة 1 الاولي,1
67,https://www.shahidwbas.com/watch.php?vid=7d4857d9a,1,www.shahidwbas.com,مسلسل رحيم الحلقة 1 الاولى اون لاين HD يوتيوب,1
71,http://krmalk.tv/video/watch.php?vid=91a81f361,1,krmalk.tv,مسلسل رحيم الحلقة 1 الاولي HD,1
72,https://www.rotana.video/watch.php?vid=84eca752c,1,www.rotana.video,مشاهدة مسلسل رحيم الحلقة 6 السادسة HD اون لاين,1
73,https://www.rotana.video/watch.php?vid=6c67ae075,1,www.rotana.video,مشاهدة مسلسل رحيم الحلقة 7 السابعة HD اون لاين,1
74,http://www.s7efty.com/video/watch.php?vid=833bfe641,1,www.s7efty.com,مسلسل رحيم  الحلقة 7 كاملة,1
76,http://www.cimaspot.com/video/watch.php?vid=3b568bc6f,1,www.cimaspot.com,مسلسل رحيم الحلقة 2 الثانية HD اون لاين كاملة,1
77,https://www.almstba.tv/video/watch.php?vid=97e19f4d7,1,www.almstba.tv,مسلسل رحيم الحلقة 4 الرابعة HD اون لاين,1
78,https://cera.video/mosalsal-raheem-alhalqa-episode-4-shahid-net-watch-arabic-moshahda-download-tahmel-mbc-drama-al-nahar-cbc-video.html,1,cera.video,"
الرئيسية »  مسلسل رحيم جميع الحلقات »  يي حلقات مسلسلات رمضان 2018 اليومية »  مشاهدة مسلسل رحيم الحلقة 4",1
79,http://www.bshwat.com/video/watch.php?vid=f83e06219,1,www.bshwat.com,مسلسل رحيم الحلقة 5 الخامسة,1
80,http://www.bshwat.com/video/watch.php?vid=7045eb111,1,www.bshwat.com,مسلسل رحيم الحلقة 6 السادسة,1
81,http://www.ankawa.com/forum/index.php?topic=875701.0,1,www.ankawa.com,"

المحرر
						موضوع:  مشاهدة مسلسل رحيم الحلقة 6 رمضان 2018 ياسر جلال   (زيارة 458 مرات)
					",1
83,https://www.elrdar.com/video/watch.php?vid=a54e83f59,1,www.elrdar.com,شاهد مسلسل رحيم الحلقة 7 السابعة يوتيوب اون لاين بدون اعلانات,1
84,https://www.cimastars.com/watch.php?vid=3293934fb,1,www.cimastars.com,مسلسل رحيم الحلقة 5 الخامسة | الحلقة الخامسة  مسلسل رحيم,1
86,https://www.shahidwbas.com/watch.php?vid=c8671b2c1,1,www.shahidwbas.com,مسلسل رحيم الحلقة 2 الثانية اون لاين HD يوتيوب,1
87,http://www.bshwat.com/video/watch.php?vid=20f5b40d8,1,www.bshwat.com,مسلسل رحيم الحلقة 3 الثالثة,1
91,https://www.mzarita.tv/video/watch.php?vid=ee4447c60,1,www.mzarita.tv,مسلسل رحيم الحلقة 7 السابعة كاملة HD يوتيوب,1
93,http://www.s7efty.com/video/watch.php?vid=c93092274,1,www.s7efty.com,مسلسل رحيم  الحلقة 1 كاملة HD,1
94,http://video.arab-x.com/watch.php?vid=df0967585,1,video.arab-x.com,مسلسل رحيم الحلقة 7 بالعربي FULL HD اون لاين,1
101,http://krmalk.tv/video/watch.php?vid=53e5e9814,1,krmalk.tv,مسلسل رحيم الحلقة 7 السابعةHD,1
102,https://qissat.video/watch.php?vid=a85683e90,1,qissat.video,مسلسل رحيم الحلقة 7 اون لاين,1
103,http://krmalk.tv/video/watch.php?vid=a11bf681e,1,krmalk.tv,مسلسل رحيم الحلقة 8 الثامنة HD,1
104,http://www.ankawa.com/forum/index.php?topic=876795.0,1,www.ankawa.com,"

المحرر
						موضوع: مسلسل رحيم  الحلقه 10 اون لاين   (زيارة 161 مرات)
					",1
106,https://cera.video/shahid-net-mosalsal-raheem-kamel-ramadan-series-2018-mbc-download-watch-moshahda-video.html,1,cera.video,Cant scrape,0
108,http://www.s7efty.com/video/watch.php?vid=96407bc79,1,www.s7efty.com,مسلسل رحيم  الحلقة 9 كاملة,1
109,https://www.kolo.video/watch.php?vid=143e31689,1,www.kolo.video,مشاهدة مسلسل رحيم الحلقة الاولي 1 اون لاين + تحميل,1
110,https://www.cimastars.com/watch.php?vid=54889c197,1,www.cimastars.com,مسلسل رحيم الحلقة 3 | الحلقة الثالثة مسلسل رحيم,1
111,http://www.cimaspot.com/video/watch.php?vid=c17575b4a,1,www.cimaspot.com,مسلسل رحيم الحلقة 1 الاولى HD اون لاين كاملة,1
112,http://www.cimaspot.com/video/watch.php?vid=10e13a7ac,1,www.cimaspot.com,مسلسل رحيم الحلقة 3 الثالثة HD اون لاين كاملة,1
113,http://www.cimaspot.com/video/watch.php?vid=39ef6812f,1,www.cimaspot.com,مسلسل رحيم الحلقة 4 الرابعة HD اون لاين كاملة,1
114,https://www.shahidwbas.com/watch.php?vid=4c44cc653,1,www.shahidwbas.com,مسلسل رحيم الحلقة 4 الرابعة اون لاين HD يوتيوب,1
115,http://www.almlf.com/video/watch.php?vid=33a1e139c,1,www.almlf.com,مسلسل رحيم الحلقة 8 كاملة اون لاين HD,1
116,https://www.kolo.video/watch.php?vid=a30bc8d04,1,www.kolo.video,مشاهدة مسلسل رحيم الحلقة الرابعة 4 اون لاين + تحميل,1
117,http://www.nsaem.net/video/watch.php?vid=614bd9374,1,www.nsaem.net,مسلسل رحيم الحلقة 8 الثامنة كاملة HD,1
118,https://www.almstba.tv/video/watch.php?vid=88f3233ba,1,www.almstba.tv,مسلسل رحيم الحلقة 6 السادسة HD اون لاين,1
120,https://www.dardarkom.video/watch.php?vid=af85e1535,1,www.dardarkom.video,مسلسل رحيم الحلقة 8 الثامنة ,1
122,https://qissat.video/watch.php?vid=a7aa1e540,1,qissat.video,مسلسل رحيم الحلقة 5 اون لاين,1
123,https://www.shahidwbas.com/watch.php?vid=d7a22c452,1,www.shahidwbas.com,مسلسل رحيم الحلقة 3 الثالثة اون لاين HD يوتيوب,1
125,http://www.nsaem.net/video/watch.php?vid=614bd9374,1,www.nsaem.net,مسلسل رحيم الحلقة 8 الثامنة كاملة HD,1
126,https://www.4helal.tv/video/series-Rahim-episode-08.html,1,www.4helal.tv,"
مسلسل رحيم الحلقة 8

",1
127,https://cera.video/mosalsal-raheem-alhalqa-episode-8-shahid-net-watch-arabic-moshahda-download-tahmel-mbc-drama-al-nahar-cbc-video.html,1,cera.video,"
الرئيسية »  مسلسل رحيم جميع الحلقات »  يي حلقات مسلسلات رمضان 2018 اليومية »  مشاهدة مسلسل رحيم الحلقة 8",1
128,http://www.ankawa.com/forum/index.php?topic=876151.0,1,www.ankawa.com,"

المحرر
						موضوع: مسلسل رحيم الحلقة 8   (زيارة 1013 مرات)
					",1
129,http://www.s7efty.com/video/watch.php?vid=19aedfd9b,1,www.s7efty.com,مسلسل رحيم  الحلقة 8 كاملة,1
131,http://www.egyseries.com/video/watch.php?vid=7b5782b7a,1,www.egyseries.com,مسلسل رحيم الحلقة 8 | رحيم الحلقة الثامنة اون لاين,1
132,http://mosalsalaty.website/watch.php?vid=0510fc32b,1,mosalsalaty.website,مسلسل رحيم الحلقة 8 الثامنة اون لاين,1
133,https://www.cimastars.com/watch.php?vid=fa3089d23,1,www.cimastars.com,مسلسل رحيم الحلقة 8 الثامنة | الحلقة الثامنة مسلسل رحيم,1
134,https://qissat.video/watch.php?vid=24597682d,1,qissat.video,مسلسل رحيم الحلقة 8 اون لاين,1
136,http://shamekh.video/watch.php?vid=f6e04636b,1,shamekh.video,مسلسل رحيم الحلقة 8 الثامنة اون لاين,1
137,http://www.nsaem.net/video/watch.php?vid=a2930d5e2,1,www.nsaem.net,مسلسل رحيم الحلقة 9 التاسعة كاملة HD,1
138,https://www.shahidwbas.com/watch.php?vid=b5ee3e84b,1,www.shahidwbas.com,مسلسل رحيم الحلقة 6 السادسة اون لاين HD يوتيوب,1
139,https://www.shahidwbas.com/watch.php?vid=bd9c3255f,1,www.shahidwbas.com,مسلسل رحيم الحلقة 10 العاشرة اون لاين HD يوتيوب,1
140,http://krmalk.tv/video/watch.php?vid=46fe5e466,1,krmalk.tv,مسلسل رحيم الحلقة 11 الحادية عشر HD,1
141,https://www.mzarita.tv/video/watch.php?vid=5406b976e,1,www.mzarita.tv,مسلسل رحيم الحلقة 10 العاشرة كاملة HD يوتيوب,1
142,http://www.lahdat-news.com/video/watch.php?vid=e5ac60671,1,www.lahdat-news.com,"
مسلسل رحيم الحلقة 4 اون لاين HD
",1
143,https://www.almstba.tv/video/watch.php?vid=b5e2c8b35,1,www.almstba.tv,مسلسل رحيم الحلقة 13 الثالثة عشر HD اون لاين,1
144,http://www.nsaem.net/video/watch.php?vid=1d9c31860,1,www.nsaem.net,مسلسل رحيم الحلقة 11 الحادية عشر كاملة HD,1
145,http://www.ankawa.com/forum/index.php?topic=877306.0,1,www.ankawa.com,"

المحرر
						موضوع:  مسلسل رحيم الحلقة 12 - بطولة ياسر جلال ونور | Rahim - 12   (زيارة 289 مرات)
					",1
146,https://www.4helal.tv/video/series-Rahim-episode-11.html,1,www.4helal.tv,"
مسلسل رحيم الحلقة 11

",1
147,https://www.mzarita.tv/video/watch.php?vid=7f813f6d2,1,www.mzarita.tv,مسلسل رحيم الحلقة 11 الحادية عشر كاملة HD يوتيوب,1
148,https://www.shahidwbas.com/watch.php?vid=02b44ef5c,1,www.shahidwbas.com,مسلسل رحيم الحلقة 11 الحادية عشر اون لاين HD يوتيوب,1
149,http://www.s7efty.com/video/watch.php?vid=eb2663d25,1,www.s7efty.com,مسلسل رحيم  الحلقة 11 كاملة,1
150,https://www.rotana.video/watch.php?vid=854cefd72,1,www.rotana.video,مشاهدة مسلسل رحيم الحلقة 11 الحادية عشر HD اون لاين,1
151,http://www.nsaem.net/video/watch.php?vid=1d9c31860,1,www.nsaem.net,مسلسل رحيم الحلقة 11 الحادية عشر كاملة HD,1
152,https://www.kelmeten.com/video/watch?vid=0705707d5,1,www.kelmeten.com,مسلسل رحيم الحلقة 11 الحادية عشر كاملة جودة عالية,1
153,http://www.bshwat.com/video/watch.php?vid=b8f9202e6,1,www.bshwat.com,مسلسل رحيم الحلقة 8 الثامنة,1
154,http://www.bshwat.com/video/watch.php?vid=05fe94cc5,1,www.bshwat.com,مسلسل ربع رومي الحلقة 11 الحادية عشر,0
155,https://cera.video/mosalsal-sok-ala-ekhwatak-alhalqa-episode-11-shahid-net-watch-arabic-moshahda-download-tahmel-mbc-drama-al-nahar-cbc-video.html,0,cera.video,"
الرئيسية »  مسلسل سك على اخواتك جميع الحلقات »  يي حلقات مسلسلات رمضان 2018 اليومية »  مشاهدة مسلسل سك على اخواتك الحلقة 11",0
156,http://mosalsalaty.website/watch.php?vid=ba3fbd0e6,1,mosalsalaty.website,مسلسل رحيم الحلقة 11 الحادية عشر اون لاين,1
159,https://www.almstba.tv/video/watch.php?vid=f45f0890d,1,www.almstba.tv,مسلسل رحيم الحلقة 11 الحادية عشر HD اون لاين,1
162,http://elshra.online/watch.php?vid=f22a77bc9,1,elshra.online,مسلسل رحيم الحلقة 11 الحادية عشر,1
163,http://www.egyseries.com/video/watch.php?vid=cd3c8bf67,1,www.egyseries.com,مسلسل رحيم الحلقة 11 | رحيم الحلقة الحادية عشر اون لاين,1
164,https://www.movizland.video/watch.php?vid=1fb7e9b99,1,www.movizland.video,مشاهده مسلسل رحيم الحلقة 10 - MovizLand - موفيز لاند,1
165,https://www.shahidwbas.com/watch.php?vid=bd9c3255f,1,www.shahidwbas.com,مسلسل رحيم الحلقة 10 العاشرة اون لاين HD يوتيوب,1
166,https://aflmelzem.video/watch.php?vid=b2f0a8c28,1,aflmelzem.video,مسلسل رحيم - الحلقة 9 التاسعة,1
167,https://www.halqat.tv/video/watch.php?vid=ae70fe9e8,1,www.halqat.tv,مسلسل رحيم الحلقة 7 كاملة HD,1
168,http://krmalk.tv/video/watch.php?vid=43cef9b84,1,krmalk.tv,مسلسل رحيم الحلقة 10 العاشرة HD,1
169,https://www.4helal.tv/video/series-Rahim-episode-10.html,1,www.4helal.tv,"
مسلسل رحيم الحلقة 10

",1
170,https://cera.video/mosalsal-raheem-alhalqa-episode-10-shahid-net-watch-arabic-moshahda-download-tahmel-mbc-drama-al-nahar-cbc-video.html,1,cera.video,"
الرئيسية »  مسلسل رحيم جميع الحلقات »  يي حلقات مسلسلات رمضان 2018 اليومية »  مشاهدة مسلسل رحيم الحلقة 10",1
171,https://www.rotana.video/watch.php?vid=66761bc46,1,www.rotana.video,مشاهدة مسلسل رحيم الحلقة 10 العاشرة HD اون لاين,1
172,http://mosalsalaty.website/watch.php?vid=4674741ec,1,mosalsalaty.website,مسلسل رحيم الحلقة 10 العاشرة اون لاين,1
173,http://shamekh.video/watch.php?vid=05905a5ad,1,shamekh.video,مسلسل رحيم الحلقة 10 العاشرة اون لاين,1
174,https://qissat.video/watch.php?vid=250b27e7c,1,qissat.video,مسلسل رحيم الحلقة 10 اون لاين,1
175,http://dokan.news/video/watch.php?vid=15dc2e9e0,1,dokan.news,مسلسل رحيم الحلقة 10 العاشرة اون لاين,1
176,http://www.cima4u.site/watch.php?vid=a942bb0c4,1,www.cima4u.site,مسلسل رحيم الحلقة 10 العاشرة HD اون لاين,1
179,http://www.almlf.com/video/watch.php?vid=996720bf7,1,www.almlf.com,مسلسل رحيم الحلقة 10 كاملة اون لاين HD,1
180,http://shamekh.video/watch.php?vid=05905a5ad,1,shamekh.video,مسلسل رحيم الحلقة 10 العاشرة اون لاين,1
181,http://shamekh.video/watch.php?vid=aaef5d0b5,1,shamekh.video,مسلسل رحيم الحلقة 9 التاسعة اون لاين,1
182,https://aflmelzem.video/watch.php?vid=632674997,1,aflmelzem.video,مشاهدة مسلسل رحيم - ياسر جلال - الحلقة 4 الرابعة,1
183,https://aflmelzem.video/watch.php?vid=dc06d01c7,1,aflmelzem.video,مشاهدة مسلسل رحيم الحلقة 5 الخامسة,1
184,http://www.almlf.com/video/watch.php?vid=05ac82402,1,www.almlf.com,مسلسل رحيم الحلقة 6 كاملة اون لاين HD,1
185,http://krmalk.tv/video/watch.php?vid=79f9d608d,1,krmalk.tv,مسلسل رحيم الحلقة 12 الثانية عشر HD,1
186,https://www.kolo.video/watch.php?vid=7210dd1a7,1,www.kolo.video,مشاهدة مسلسل رحيم الحلقة الثالثة 3 اون لاين + تحميل,1
187,https://www.rotana.video/watch.php?vid=7df9b65bf,1,www.rotana.video,مشاهدة مسلسل رحيم الحلقة 25 الخامسة والعشرون HD اون لاين,1
190,https://www.4helal.tv/video/series-Rahim-episode-13.html,1,www.4helal.tv,"
مسلسل رحيم الحلقة 13

",1
191,http://www.nsaem.net/videos/watch.php?vid=ea6150ede,1,www.nsaem.net,مسلسل رحيم الحلقة 13 الثالثة عشر كاملة HD,1
192,http://www.ankawa.com/forum/index.php?topic=877426.0,1,www.ankawa.com,"

المحرر
						موضوع: مسلسل رحيم الحلقة 13  (زيارة 769 مرات)
					",1
193,http://krmalk.tv/video/watch.php?vid=5722051e9,1,krmalk.tv,مسلسل رحيم الحلقة 13 الثالثة عشر HD,1
194,https://www.mzarita.tv/video/watch.php?vid=3232b3474,1,www.mzarita.tv,مسلسل رحيم الحلقة 13 الثالثة عشر كاملة HD يوتيوب,1
195,https://www.almstba.tv/video/watch.php?vid=b5e2c8b35,1,www.almstba.tv,مسلسل رحيم الحلقة 13 الثالثة عشر HD اون لاين,1
196,https://cera.video/mosalsal-sok-ala-ekhwatak-alhalqa-episode-13-shahid-net-watch-arabic-moshahda-download-tahmel-mbc-drama-al-nahar-cbc-video.html,0,cera.video,"
الرئيسية »  مسلسل سك على اخواتك جميع الحلقات »  يي حلقات مسلسلات رمضان 2018 اليومية »  مشاهدة مسلسل سك على اخواتك الحلقة 13",0
197,https://www.rotana.video/watch.php?vid=4000f6934,1,www.rotana.video,مشاهدة مسلسل رحيم الحلقة 13 الثالثة عشر HD اون لاين,1
198,http://www.bshwat.com/video/watch.php?vid=038858940,1,www.bshwat.com,مسلسل كلبش الجزء الثاني الحلقة 13 الثالثة عشر,0
199,http://mosalsalaty.website/watch.php?vid=2b1c8d17a,1,mosalsalaty.website,مسلسل رحيم الحلقة 13 الثالثة عشر اون لاين,1
200,https://www.kelmeten.com/video/watch?vid=fdf8ecb51,1,www.kelmeten.com,مسلسل رحيم الحلقة 13 الثالثة عشر كاملة جودة عالية,1
201,http://www.mosalslat.video/video/watch.php?vid=37d803f84,1,www.mosalslat.video,مسلسل رحيم الحلقة 13 الثالثة عشر أون لاين جديد 2018,1
202,https://www.shahidwbas.com/watch.php?vid=3f4e041fc,1,www.shahidwbas.com,مسلسل نسر الصعيد الحلقة 13 الثالثة عشر اون لاين HD يوتيوب,0
203,http://www.egyseries.com/video/watch.php?vid=25d38277a,1,www.egyseries.com,مسلسل رحيم الحلقة 13 | رحيم الحلقة الثالثة عشر اون لاين,1
204,https://www.taslyia.me/video/7a53b0809,1,www.taslyia.me,"
مسلسل رحيم الحلقة 13 الثالثة عشر اونلاين كاملة
",1
205,https://www.shahidwbas.com/watch.php?vid=c564380ae,1,www.shahidwbas.com,مسلسل رحيم الحلقة 13 الثالثة عشر اون لاين HD يوتيوب,1
206,https://www.movizland.video/watch.php?vid=2f8518090,1,www.movizland.video,مشاهده مسلسل رحيم الحلقة 6 - MovizLand - موفيز لاند,1
207,https://www.dardarkom.video/watch.php?vid=c3a13ead5,1,www.dardarkom.video,مسلسل رحيم الحلقة 6 السادسة ,1
208,http://shamekh.video/watch.php?vid=321fc3731,1,shamekh.video,مسلسل رحيم الحلقة 11 اون لاين,1
209,http://www.nsaem.net/videos/watch.php?vid=f58f15590,1,www.nsaem.net,مسلسل رحيم الحلقة 14 الرابعة عشر كاملة HD,1
211,http://www.nsaem.net/videos/watch.php?vid=f58f15590,1,www.nsaem.net,مسلسل رحيم الحلقة 14 الرابعة عشر كاملة HD,1
212,http://www.ankawa.com/forum/index.php?topic=877305.0,1,www.ankawa.com,"

المحرر
						موضوع:  مسلسل رحيم الحلقة 12 - بطولة ياسر جلال ونور | Rahim series - Episode 12   (زيارة 210 مرات)
					",1
214,https://cera.video/mosalsal-raheem-alhalqa-episode-13-shahid-net-watch-arabic-moshahda-download-tahmel-mbc-drama-al-nahar-cbc-video.html,1,cera.video,"
الرئيسية »  مسلسل رحيم جميع الحلقات »  يي حلقات مسلسلات رمضان 2018 اليومية »  مشاهدة مسلسل رحيم الحلقة 13",1
215,http://www.bshwat.com/video/watch.php?vid=6d6754c42,1,www.bshwat.com,مسلسل رحيم الحلقة 11 الحادية عشر,1
216,https://www.dardarkom.video/watch.php?vid=48e5c9551,1,www.dardarkom.video,مسلسل رحيم الحلقة 13 الثالثة عشر ,1
217,https://www.4helal.tv/video/series-Rahim-episode-14.html,1,www.4helal.tv,"
مسلسل رحيم الحلقة 14

",1
218,http://krmalk.tv/video/watch.php?vid=5722051e9,1,krmalk.tv,مسلسل رحيم الحلقة 13 الثالثة عشر HD,1
219,http://www.almlf.com/video/watch.php?vid=fbaad5638,1,www.almlf.com,مسلسل رحيم الحلقة 13 كاملة اون لاين HD,1
221,https://www.4helal.tv/video/series-Rahim-episode-15.html,1,www.4helal.tv,"
مسلسل رحيم الحلقة 15

",1
222,https://aflmelzem.video/watch.php?vid=1d9ab6211,1,aflmelzem.video,مسلسل رحيم الحلقة 14 الرابعة عشرة,1
223,https://www.shahidwbas.com/watch.php?vid=4f96b9d67,1,www.shahidwbas.com,مسلسل رحيم الحلقة 15 الخامسة عشر اون لاين HD يوتيوب,1
224,http://www.nsaem.net/videos/watch.php?vid=1b7d82be1,1,www.nsaem.net,مسلسل رحيم الحلقة 17 السابعة عشر كاملة HD,1
225,https://www.4helal.tv/video/series-Rahim-episode-15.html,1,www.4helal.tv,"
مسلسل رحيم الحلقة 15

",1
226,https://www.shahidwbas.com/watch.php?vid=04e182eff,1,www.shahidwbas.com,مسلسل رحيم الحلقة 16 السادسة عشر اون لاين HD يوتيوب,1
227,http://video.arab-x.com/watch.php?vid=caa2b7765,1,video.arab-x.com,مسلسل رحيم الحلقة 10 بالعربي FULL HD اون لاين,1
230,http://www.mosalslat.video/video/watch.php?vid=17f0cbc86,1,www.mosalslat.video,مسلسل رحيم الحلقة 1 الاولى أون لاين جديد 2018,1
231,http://dokan.news/video/watch.php?vid=8f80e33bc,1,dokan.news,مسلسل رحيم الحلقة 1 الاولى اون لاين,1
233,http://www.lahdat-news.com/video/watch.php?vid=ba4ff2d3e,1,www.lahdat-news.com,"
مسلسل رحيم الحلقة 5 اون لاين HD
",1
234,http://www.nsaem.net/videos/watch.php?vid=ea6150ede,1,www.nsaem.net,مسلسل رحيم الحلقة 13 الثالثة عشر كاملة HD,1
235,http://www.nsaem.net/videos/watch.php?vid=9c7544803,1,www.nsaem.net,مسلسل رحيم الحلقة 2 الثانية كاملة HD,1
236,https://www.4helal.tv/video/series-Rahim-episode-13.html,1,www.4helal.tv,"
مسلسل رحيم الحلقة 13

",1
240,https://www.4helal.tv/video/series-Rahim-episode-14.html,1,www.4helal.tv,"
مسلسل رحيم الحلقة 14

",1
241,http://krmalk.tv/video/watch.php?vid=50bb20092,1,krmalk.tv,مسلسل رحيم الحلقة 14 الرابعة عشر HD,1
242,http://www.bshwat.com/video/watch.php?vid=c0d465e15,1,www.bshwat.com,مسلسل رحيم الحلقة 14 الرابعة عشر,1
244,https://www.mzarita.tv/video/watch.php?vid=848b13272,1,www.mzarita.tv,مسلسل رحيم الحلقة 14 الرابعة عشر كاملة HD يوتيوب,1
245,http://www.ankawa.com/forum/index.php?topic=877900.0,1,www.ankawa.com,"

المحرر
						موضوع: مسلسل رحيم الحلقة 14 الرابعة عشر رمضان 2018  (زيارة 514 مرات)
					",1
246,https://www.shahidwbas.com/watch.php?vid=5fae1752d,1,www.shahidwbas.com,مسلسل رحيم الحلقة 14 الرابعة عشر اون لاين HD يوتيوب,1
247,http://www.egyseries.com/video/watch.php?vid=92e393cd4,1,www.egyseries.com,HD مسلسل رحيم الحلقة 14 | رحيم الحلقة الرابعة عشر اون لاين,1
248,https://qissat.video/watch.php?vid=9359103ef,1,qissat.video,مسلسل رحيم الحلقة 14 اون لاين,1
249,https://www.dardarkom.video/watch.php?vid=e99113af3,1,www.dardarkom.video,مسلسل رحيم الحلقة 14 الرابعة عشر ,1
250,https://www.elrdar.com/video/watch.php?vid=1fa27d734,1,www.elrdar.com,مسلسل رحيم الحلقة الرابعة عشر رحيم حلقة 14 سيما كلوب رمضان 2018,1
251,https://www.kolo.video/watch.php?vid=a30bc8d04,1,www.kolo.video,مشاهدة مسلسل رحيم الحلقة الرابعة 4 اون لاين + تحميل,1
252,http://www.mosalslat.video/video/watch.php?vid=3a81ebbcc,1,www.mosalslat.video,مسلسل رحيم الحلقة 14 الرابعة عشر أون لاين جديد 2018,1
253,http://www.s7efty.com/video/watch.php?vid=d99425b0d,1,www.s7efty.com,مسلسل رحيم  الحلقة 14 كاملة,1
254,http://shamekh.video/watch.php?vid=570ee178e,1,shamekh.video,مسلسل رحيم الحلقة 14 اون لاين,1
255,http://video.arab-x.com/watch.php?vid=f07f2f183,1,video.arab-x.com,مسلسل رحيم الحلقة 16 بالعربي FULL HD اون لاين,1
256,http://www.cima4u.site/watch.php?vid=1e8d48ebe,1,www.cima4u.site,مسلسل رحيم الحلقة 14 الرابعة عشر HD اون لاين,1
257,http://www.lahdat-news.com/video/watch.php?vid=f7f94627a,1,www.lahdat-news.com,"
مسلسل رحيم الحلقة 14 اون لاين HD
",1
258,http://www.egyseries.com/video/watch.php?vid=e8a0a86ad,1,www.egyseries.com,مسلسل رحيم الحلقة 15 | رحيم الحلقة الخامسة عشر اون لاين,1
259,http://www.lahdat-news.com/video/watch.php?vid=26317df9e,1,www.lahdat-news.com,"
مسلسل رحيم الحلقة 6 اون لاين HD
",1
261,http://www.bshwat.com/video/watch.php?vid=6e12a9a71,1,www.bshwat.com,مسلسل رحيم الحلقة 15 الخامسة عشر,1
262,http://www.ankawa.com/forum/index.php?topic=878075.0,1,www.ankawa.com,"

المحرر
						موضوع: مسلسل رحيم الحلقه 15 | الحلقة الخامسة عشر رمضان 2018  (زيارة 518 مرات)
					",1
263,https://www.mzarita.tv/video/watch.php?vid=736075fb8,1,www.mzarita.tv,مسلسل رحيم الحلقة 15 الخامسة عشر كاملة HD يوتيوب,1
264,https://cera.video/mosalsal-raheem-alhalqa-episode-15-shahid-net-watch-arabic-moshahda-download-tahmel-mbc-drama-al-nahar-cbc-video.html,1,cera.video,"
الرئيسية »  مسلسل رحيم جميع الحلقات »  يي حلقات مسلسلات رمضان 2018 اليومية »  مشاهدة مسلسل رحيم الحلقة 15",1
265,http://mosalsalaty.website/watch.php?vid=a466b0a6f,1,mosalsalaty.website,مسلسل رحيم الحلقة 15 الخامسة عشر اون لاين,1
266,https://qissat.video/watch.php?vid=9f83df49d,1,qissat.video,مسلسل رحيم الحلقة 15 اون لاين,1
267,http://elshra.online/watch.php?vid=ae279131c,1,elshra.online,مسلسل رحيم الحلقة 15 الخامسة عشر,1
268,http://www.cimaspot.com/video/watch.php?vid=b6f12671f,1,www.cimaspot.com,مسلسل رحيم الحلقة 15 الخامسة عشر,1
269,https://www.dardarkom.video/watch.php?vid=37a62b65f,1,www.dardarkom.video,مسلسل رحيم الحلقة 15 الخامسة عشر ,1
270,http://www.mosalslat.video/video/watch.php?vid=a21f18e1f,1,www.mosalslat.video,مسلسل رحيم الحلقة 15 الخامسة عشر أون لاين جديد 2018,1
272,http://www.egyseries.com/video/watch.php?vid=e8a0a86ad,1,www.egyseries.com,مسلسل رحيم الحلقة 15 | رحيم الحلقة الخامسة عشر اون لاين,1
276,http://dokan.news/video/watch.php?vid=eb5c54b44,1,dokan.news,مسلسل رحيم الحلقة 15 الخامسة عشر اون لاين,1
278,https://www.movizland.video/watch.php?vid=84b5b8652,1,www.movizland.video,مشاهدة مسلسل رحيم الحلقة 15 - MovizLand - موفيز لاند,1
281,https://www.4helal.tv/video/series-Rahim-episode-16.html,1,www.4helal.tv,"
مسلسل رحيم الحلقة 16

",1
282,http://www.nsaem.net/videos/watch.php?vid=cb464ebdb,1,www.nsaem.net,مسلسل رحيم الحلقة 15 الخامسة عشر كاملة HD,1
283,http://www.mosalslat.video/watch.php?vid=37188cb64,1,www.mosalslat.video,Cant scrape,0
284,http://www.mosalslat.video/watch.php?vid=d85f15834,1,www.mosalslat.video,Cant scrape,0
286,http://www.123video.tv/watch.php?vid=ceaaf2cfc,1,www.123video.tv,مسلسل رحيم الحلقة 15 الخامسة عشر,1
287,http://www.ankawa.com/forum/index.php?topic=878072.0,1,www.ankawa.com,"

المحرر
						موضوع: مسلسل رحيم الحلقة 15  (زيارة 171 مرات)
					",1
288,http://dokan.news/video/watch.php?vid=48568c308,1,dokan.news,مسلسل رحيم الحلقة 17 السابعة عشر اون لاين,1
289,https://www.4helal.tv/video/series-Rahim-episode-17.html,1,www.4helal.tv,"
مسلسل رحيم الحلقة 17

",1
290,http://krmalk.tv/video/watch.php?vid=fe0fa7951,1,krmalk.tv,مسلسل رحيم الحلقة 17 السابعة عشر HD,1
291,https://www.mzarita.tv/video/watch.php?vid=100f342f8,1,www.mzarita.tv,مسلسل رحيم الحلقة 17 السابعة عشر كاملة HD يوتيوب,1
292,http://mosalsalaty.website/watch.php?vid=71718bb71,1,mosalsalaty.website,مسلسل رحيم الحلقة 17 السابعة عشر اون لاين,1
293,https://www.shahidwbas.com/watch.php?vid=6ca99cf75,1,www.shahidwbas.com,مسلسل رحيم الحلقة 17 السابعة عشر اون لاين HD يوتيوب,1
294,https://www.rotana.video/watch.php?vid=ec4e55134,1,www.rotana.video,مشاهدة مسلسل رحيم الحلقة 17 السابعة عشر HD اون لاين,1
295,http://www.ankawa.com/forum/index.php?topic=878908.0,1,www.ankawa.com,"

المحرر
						موضوع: مسلسل رحيم الحلقة 17 السابعة عشر كاملة -اونلاين  (زيارة 96 مرات)
					",1
296,http://video.arab-x.com/watch.php?vid=70bc0ebaa,1,video.arab-x.com,مسلسل رحيم الحلقة 17 بالعربي FULL HD اون لاين,1
298,https://www.emotionvideo-tv.com/watch.php?vid=a12aa0f88,1,www.emotionvideo-tv.com,مسلسل رحيم الحلقة 17 السابعة عشر,1
299,http://www.mosalslat.video/watch.php?vid=496b1bf51,1,www.mosalslat.video,Cant scrape,0
300,http://shamekh.video/watch.php?vid=dabbf2a8e,1,shamekh.video,مسلسل رحيم الحلقة 17 اون لاين,1
302,https://qissat.video/watch.php?vid=2d32c5bb8,1,qissat.video,مسلسل رحيم الحلقة 17 اون لاين,1
303,http://www.lahdat-news.com/video/watch.php?vid=ab919518c,1,www.lahdat-news.com,"
مسلسل رحيم الحلقة 17 اون لاين HD
",1
305,https://www.4helal.tv/video/series-Rahim-episode-17.html,1,www.4helal.tv,"
مسلسل رحيم الحلقة 17

",1
306,http://www.egyseries.com/video/watch.php?vid=281706323,1,www.egyseries.com,مسلسل رحيم الحلقة 16 | رحيم الحلقة السادسة عشر اون لاين,1
307,https://www.4helal.tv/video/series-Rahim-episode-18.html,1,www.4helal.tv,"
مسلسل رحيم الحلقة 18

",1
308,http://www.nsaem.net/videos/watch.php?vid=1b7d82be1,1,www.nsaem.net,مسلسل رحيم الحلقة 17 السابعة عشر كاملة HD,1
309,https://www.cimastars.com/watch.php?vid=5f76d0cc3,1,www.cimastars.com,مسلسل رحيم الحلقة 1 الاولي كاملة | مسلسل رحيم حلقة 1 الاولي,1
311,http://www.nsaem.net/videos/watch.php?vid=cb464ebdb,1,www.nsaem.net,مسلسل رحيم الحلقة 15 الخامسة عشر كاملة HD,1
312,https://ramdan.video/%d8%a7%d9%84%d8%b9%d9%85%d9%8a%d8%af-%d8%a3%d8%ad%d9%85%d8%af-%d8%a7%d9%84%d8%af%d9%8a%d8%a8-%d9%83%d8%a7%d9%86-%d8%b9%d8%a7%d9%8a%d8%b2-%d8%a7%d9%8a%d9%87-%d9%85%d9%86-%d8%a3%d9%85-%d8%af%d8%a7%d9%84_b02793739.html,1,ramdan.video,"العميد أحمد الديب كان عايز ايه من أم داليا "" نور "" .. انا عارف انها مظلومة - رحيم",1
313,http://krmalk.tv/video/watch.php?vid=771f80c10,1,krmalk.tv,مسلسل رحيم الحلقة 21 الواحد والعشرون HD,1
314,http://krmalk.tv/video/watch.php?vid=b334198c8,1,krmalk.tv,مسلسل رحيم الحلقة 20 العشرون HD,1
315,http://krmalk.tv/video/watch.php?vid=473c85e53,1,krmalk.tv,مسلسل رحيم الحلقة 19 التاسعة عشر HD,1
316,https://www.4helal.tv/video/series-Rahim-episode-20.html,1,www.4helal.tv,"
مسلسل رحيم الحلقة 20

",1
317,https://www.shahidwbas.com/watch.php?vid=35f573e4c,1,www.shahidwbas.com,مسلسل رحيم الحلقة 20 العشرون اون لاين HD يوتيوب,1
318,http://www.ankawa.com/forum/index.php?topic=878587.0,1,www.ankawa.com,"

المحرر
						موضوع: مسلسل رحيم الحلقة 16 اون لاين بجودة عالية  (زيارة 160 مرات)
					",1
322,https://www.elrdar.com/video/watch.php?vid=1bf8584a1,1,www.elrdar.com,الحلقة 20 العشرون من مسلسل رحيم يوتيوب اون لاين HD ياسر جلال رمضان 2018,1
324,http://mosalsalaty.website/watch.php?vid=5475a6e26,1,mosalsalaty.website,مسلسل رحيم الحلقة 21 الحادية والعشرون اون لاين,1
326,https://www.mzarita.tv/video/watch.php?vid=9f2d33b51,1,www.mzarita.tv,مسلسل رحيم الحلقة 20 العشرون كاملة HD يوتيوب,1
327,https://www.elrdar.com/video/watch.php?vid=1bf8584a1,1,www.elrdar.com,الحلقة 20 العشرون من مسلسل رحيم يوتيوب اون لاين HD ياسر جلال رمضان 2018,1
328,http://www.123video.tv/watch.php?vid=0b9270aa6,1,www.123video.tv,مسلسل رحيم الحلقة 20 العشرون HD,1
329,https://www.emotionvideo-tv.com/watch.php?vid=37c2eb09a,1,www.emotionvideo-tv.com,مسلسل رحيم الحلقة 20 العشرون,1
330,https://www.kelmeten.com/video/watch?vid=e68e600bb,1,www.kelmeten.com,مسلسل رحيم الحلقة 20 العشرون HD,1
332,http://mosalsalaty.website/watch.php?vid=4e41b9942,1,mosalsalaty.website,مسلسل رحيم الحلقة 20 العشرون اون لاين,1
333,http://video.arab-x.com/watch.php?vid=37a8d6a03,1,video.arab-x.com,مسلسل رحيم الحلقة 20 بالعربي FULL HD اون لاين,1
334,https://www.dardarkom.video/watch.php?vid=136de9826,1,www.dardarkom.video,مسلسل رحيم الحلقة 20 العشرون ,1
335,http://dokan.news/video/watch.php?vid=834e6c566,1,dokan.news,مسلسل رحيم الحلقة 20 العشرون عشر اون لاين,1
337,https://www.dardarkom.video/watch.php?vid=136de9826,1,www.dardarkom.video,مسلسل رحيم الحلقة 20 العشرون ,1
338,https://www.4helal.tv/video/series-Rahim-episode-20.html,1,www.4helal.tv,"
مسلسل رحيم الحلقة 20

",1
339,https://www.emotionvideo-tv.com/watch.php?vid=37c2eb09a,1,www.emotionvideo-tv.com,مسلسل رحيم الحلقة 20 العشرون,1
340,https://www.4helal.tv/video/series-Rahim-episode-21.html,1,www.4helal.tv,"
مسلسل رحيم الحلقة 21

",1
341,https://www.mzarita.tv/video/watch.php?vid=9f2d33b51,1,www.mzarita.tv,مسلسل رحيم الحلقة 20 العشرون كاملة HD يوتيوب,1
342,http://krmalk.tv/video/watch.php?vid=b334198c8,1,krmalk.tv,مسلسل رحيم الحلقة 20 العشرون HD,1
343,https://www.emotionvideo-tv.com/watch.php?vid=3564242dc,1,www.emotionvideo-tv.com,مسلسل رحيم الحلقة 21 الحادية و العشرون,1
344,http://www.mosalslat.video/watch.php?vid=32d4c3517,1,www.mosalslat.video,Cant scrape,0
345,http://www.mosalslat.video/watch.php?vid=f7cd19064,1,www.mosalslat.video,Cant scrape,0
346,https://www.kelmeten.com/video/watch?vid=e68e600bb,1,www.kelmeten.com,مسلسل رحيم الحلقة 20 العشرون HD,1
347,https://www.mzarita.tv/video/watch.php?vid=f125b28e3,1,www.mzarita.tv,مسلسل رحيم الحلقة 19 التاسعة عشر كاملة HD يوتيوب,1
348,https://www.4helal.tv/video/series-Rahim-episode-19.html,1,www.4helal.tv,"
مسلسل رحيم الحلقة 19

",1
349,https://www.emotionvideo-tv.com/watch.php?vid=ad2a675e8,1,www.emotionvideo-tv.com,مسلسل رحيم الحلقة 19 التاسعة عشر,1
350,http://www.123video.tv/watch.php?vid=3e1f73bee,1,www.123video.tv,مسلسل رحيم الحلقة 19 التاسعة عشر,1
352,https://www.kelmeten.com/video/watch?vid=aa886c373,1,www.kelmeten.com,مسلسل رحيم الحلقة 19 التاسعة عشر كاملة جودة عالية,1
353,http://www.ankawa.com/forum/index.php?topic=879685.0,1,www.ankawa.com,تحذير!,0
354,http://mosalsalaty.website/watch.php?vid=b558f37fd,1,mosalsalaty.website,مسلسل رحيم الحلقة 19 التاسعة عشر اون لاين,1
357,https://www.dardarkom.video/watch.php?vid=8c087fb4f,1,www.dardarkom.video,مسلسل رحيم الحلقة 19 التاسعة عشر ,1
358,http://www.mosalslat.video/watch.php?vid=271fa3dbe,1,www.mosalslat.video,Cant scrape,0
361,https://qissat.video/watch.php?vid=4a17bdfdd,1,qissat.video,مسلسل رحيم الحلقة 19 اون لاين,1
362,http://dokan.news/video/watch.php?vid=ff055ff8a,1,dokan.news,مسلسل رحيم الحلقة 19 التاسعة عشر اون لاين,1
364,http://www.lahdat-news.com/video/watch.php?vid=5f7dc8586,1,www.lahdat-news.com,"
مسلسل رحيم الحلقة 19 اون لاين HD
",1
366,https://www.4helal.tv/video/series-Rahim-episode-19.html,1,www.4helal.tv,"
مسلسل رحيم الحلقة 19

",1
367,https://www.movizland.video/watch.php?vid=6cc85bed9,1,www.movizland.video,مشاهدة مسلسل رحيم الحلقة 19 - MovizLand - موفيز لاند,1
368,https://qissat.video/watch.php?vid=4a17bdfdd,1,qissat.video,مسلسل رحيم الحلقة 19 اون لاين,1
369,https://www.emotionvideo-tv.com/watch.php?vid=ad2a675e8,1,www.emotionvideo-tv.com,مسلسل رحيم الحلقة 19 التاسعة عشر,1
370,http://krmalk.tv/video/watch.php?vid=473c85e53,1,krmalk.tv,مسلسل رحيم الحلقة 19 التاسعة عشر HD,1
371,http://www.lahdat-news.com/video/watch.php?vid=5f7dc8586,1,www.lahdat-news.com,"
مسلسل رحيم الحلقة 19 اون لاين HD
",1
372,https://aflmelzem.video/watch.php?vid=04d69e554,1,aflmelzem.video,مسلسل رحيم الحلقة 19 التاسعة عشرة,1
373,https://www.4helal.tv/video/series-Rahim-episode-21.html,1,www.4helal.tv,"
مسلسل رحيم الحلقة 21

",1
374,http://www.ankawa.com/forum/index.php?topic=880306.0,1,www.ankawa.com,تحذير!,0
375,http://www.123video.tv/watch.php?vid=1a4cf266f,1,www.123video.tv,مسلسل رحيم الحلقة 21 الحادية والعشرون HD,1
378,https://www.emotionvideo-tv.com/watch.php?vid=3564242dc,1,www.emotionvideo-tv.com,مسلسل رحيم الحلقة 21 الحادية و العشرون,1
383,http://krmalk.tv/video/watch.php?vid=771f80c10,1,krmalk.tv,مسلسل رحيم الحلقة 21 الواحد والعشرون HD,1
386,https://www.kolo.video/watch.php?vid=6fa8c6b4e,1,www.kolo.video,مشاهدة مسلسل رحيم الحلقة السادسة 6 اون لاين + تحميل,1
387,http://video.arab-x.com/watch.php?vid=c497101b6,1,video.arab-x.com,مسلسل رحيم الحلقة 21 بالعربي FULL HD اون لاين,1
388,http://dokan.news/video/watch.php?vid=9250aaed5,1,dokan.news,مسلسل رحيم الحلقة 21 الحادي والعشرون عشر اون لاين,1
389,http://www.ankawa.com/forum/index.php?topic=877310.0,1,www.ankawa.com,"

المحرر
						موضوع:  مسلسل رحيم الحلقة 12 ياسر جلال ونور   (زيارة 92 مرات)
					",1
390,http://www.123video.tv/watch.php?vid=61fa50a6f,1,www.123video.tv,مسلسل رحيم الحلقة 20 العشرون,1
391,http://www.cima4u.site/watch.php?vid=f758d94b2,1,www.cima4u.site,مسلسل رحيم الحلقة 20 العشرون HD اون لاين,1
393,http://www.123video.tv/watch.php?vid=80e92a887,1,www.123video.tv,مسلسل رحيم الحلقة 19 التاسعة عشر HD,1
394,http://elshra.online/watch.php?vid=d9cd4f489,1,elshra.online,مسلسل رحيم الحلقة 19 التاسعة عشر,1
397,http://www.mosalslat.video/watch.php?vid=37e28e39b,1,www.mosalslat.video,Cant scrape,0
400,https://www.4helal.tv/video/series-Rahim-episode-22.html,1,www.4helal.tv,"
مسلسل رحيم الحلقة 22

",1
401,https://www.halqat.tv/video/watch.php?vid=176d4ec37,1,www.halqat.tv,مسلسل رحيم الحلقة 21 كاملة HD,1
402,http://www.mosalslat.video/watch.php?vid=5dafcc826,1,www.mosalslat.video,Cant scrape,0
403,https://ramdan.video/%d8%b1%d9%82%d8%b5%d8%a9-%d8%aa%d8%a7%d9%86%d8%ac%d9%88-%d8%b1%d8%a7%d8%a6%d8%b9%d8%a9-%d8%a8%d9%8a%d9%86-%d9%8a%d8%a7%d8%b3%d8%b1-%d8%ac%d9%84%d8%a7%d9%84-%d9%88%d8%a7%d9%84%d8%ac%d9%85%d9%8a%d9%84_ec092641e.html,1,ramdan.video,رقصة تانجو رائعة بين ياسر جلال والجميلة نور في مسلسل رحيم ,1
404,https://ramdan.video/%d9%8a%d8%a7%d8%b3%d8%b1-%d8%ac%d9%84%d8%a7%d9%84-%d9%81%d9%8a-%d8%aa%d8%b5%d8%b1%d9%8a%d8%ad%d8%a7%d8%aa-%d8%ae%d8%a7%d8%b5%d8%a9-%d9%84%d9%80-cbc-%d9%88%d9%83%d9%88%d8%a7%d9%84%d9%8a%d8%b3-%d9%85_8507c6cbd.html,1,ramdan.video,ياسر جلال في تصريحات خاصة لـ CBC وكواليس مسلسل رحيم,1
405,https://ramdan.video/%d9%84%d9%88-%d8%ad%d8%af-%d8%a8%d9%8a%d8%b1%d8%a7%d9%82%d8%a8%d9%83-%d9%88%d8%b9%d8%a7%d9%8a%d8%b2-%d8%aa%d9%87%d8%b1%d8%a8-%d9%85%d9%86%d9%87-%d8%a7%d8%aa%d8%b9%d9%84%d9%85-%d9%85%d9%86-%d9%8a_cbdddb12b.html,1,ramdan.video,"لو حد بيراقبك وعايز تهرب منه ... اتعلم من ياسر جلال "" رحيم "" ",1
407,http://krmalk.tv/video/watch.php?vid=c4d335870,1,krmalk.tv,مسلسل رحيم الحلقة 22 الثانية والعشرون HD,1
408,https://www.shahidwbas.com/watch.php?vid=56fcc88f9,1,www.shahidwbas.com,مسلسل رحيم الحلقة 22 الثانية والعشرون اون لاين HD يوتيوب,1
409,https://www.mzarita.tv/video/watch.php?vid=4f63beff2,1,www.mzarita.tv,مسلسل رحيم الحلقة 22 الثانية والعشرون كاملة HD يوتيوب,1
410,http://www.123video.tv/watch.php?vid=f9cc73d7b,1,www.123video.tv,مسلسل رحيم الحلقة 23 الثالثة والعشرون HD,1
412,http://video.arab-x.com/watch.php?vid=4b4c0c323,1,video.arab-x.com,مسلسل رحيم الحلقة 5 بالعربي FULL HD اون لاين,1
414,http://www.cima4u.site/watch.php?vid=9c8602a53,1,www.cima4u.site,مسلسل رحيم الحلقة 6 السادسة HD اون لاين,1
415,http://www.cima4u.site/watch.php?vid=d4538bd06,1,www.cima4u.site,مسلسل رحيم الحلقة 15 الخامسة عشر HD اون لاين,1
416,http://video.arab-x.com/watch.php?vid=c497101b6,1,video.arab-x.com,مسلسل رحيم الحلقة 21 بالعربي FULL HD اون لاين,1
417,http://video.arab-x.com/watch.php?vid=586ee29e0,1,video.arab-x.com,مسلسل رحيم الحلقة 24 بالعربي FULL HD اون لاين,1
418,https://www.movizland.video/watch.php?vid=6cc85bed9,1,www.movizland.video,مشاهدة مسلسل رحيم الحلقة 19 - MovizLand - موفيز لاند,1
419,https://www.elrdar.com/video/watch.php?vid=1fa27d734,1,www.elrdar.com,مسلسل رحيم الحلقة الرابعة عشر رحيم حلقة 14 سيما كلوب رمضان 2018,1
420,http://www.mosalslat.video/watch.php?vid=32d4c3517,1,www.mosalslat.video,Cant scrape,0
422,http://www.mosalslat.video/watch.php?vid=d85f15834,1,www.mosalslat.video,Cant scrape,0
423,http://www.lahdat-news.com/video/watch.php?vid=ab919518c,1,www.lahdat-news.com,"
مسلسل رحيم الحلقة 17 اون لاين HD
",1
424,https://www.cimastars.com/watch.php?vid=5f76d0cc3,1,www.cimastars.com,مسلسل رحيم الحلقة 1 الاولي كاملة | مسلسل رحيم حلقة 1 الاولي,1
425,https://cera.video/mosalsal-raheem-alhalqa-episode-4-shahid-net-watch-arabic-moshahda-download-tahmel-mbc-drama-al-nahar-cbc-video.html,1,cera.video,"
الرئيسية »  مسلسل رحيم جميع الحلقات »  يي حلقات مسلسلات رمضان 2018 اليومية »  مشاهدة مسلسل رحيم الحلقة 4",1
426,https://www.shahidwbas.com/watch.php?vid=d7a22c452,1,www.shahidwbas.com,مسلسل رحيم الحلقة 3 الثالثة اون لاين HD يوتيوب,1
429,http://cimaclub.com/quality/hd/,0,cimaclub.com,Cant scrape,0
431,https://www.mzarita.tv/video/watch.php?vid=694090e64,0,www.mzarita.tv,مشاهدة فيلم Coco 2017 مترجم اون لاين HD كامل,0
432,https://www.emotionvideo-tv.com/watch.php?vid=346d8edcf,0,www.emotionvideo-tv.com,مشاهدة فيلم حبة كراميل 2017 كامل اون لاين HD,0
433,https://www.mzarita.tv/video/watch.php?vid=3ff5ce46f,0,www.mzarita.tv,مشاهدة فيلم بغمضة عين 2017 كامل اون لاين HD يوتيوب,0
434,https://www.halqat.tv/video/watch.php?vid=90df23200,0,www.halqat.tv,مسلسل الفناء الحلقة 2 مترجم اون لاين HD,0
437,http://www.ankawa.com/forum/index.php?topic=875702.0,0,www.ankawa.com,"

المحرر
						موضوع: مسلسل رحيم الحلقة 6 رمضان   (زيارة 600 مرات)
					",1
438,https://qissat.video/watch.php?vid=72d3a48c0,0,qissat.video,مسلسل رحيم الحلقة 2 اون لاين,1
440,https://www.dardarkom.video/watch.php?vid=1f4b804f5,0,www.dardarkom.video,Cant scrape,0
443,https://qissat.video/watch.php?vid=4d0570b68,0,qissat.video,مسلسل رحيم الحلقة 3 اون لاين,1
444,https://www.kelmeten.com/video/watch?vid=6ccbea30e,0,www.kelmeten.com,مسلسل كلبش 2 الحلقة 4 الرابعة | بطولة امير كرارة | Kalabsh 2 Series Episode 04,0
446,http://tv.alarab.com/v53207-_%D8%B4%D8%A7%D9%87%D8%AF_%D9%85%D8%B3%D9%84%D8%B3%D9%84_%D8%B9%D9%84%D9%89_%D9%85%D8%B1_%D8%A7%D9%84%D8%B2%D9%85%D8%A7%D9%86_166,0,tv.alarab.com,"
شاهد مسلسل على مر الزمان كامل تركي مدبلج للعربية مشاهدة مباشرة اون لابن بجودة عالية",0
447,http://tv.alarab.com/v54059-_%D8%B4%D8%A7%D9%87%D8%AF_%D9%85%D8%B3%D9%84%D8%B3%D9%84_%D8%B9%D9%84%D9%89_%D9%85%D8%B1_%D8%A7%D9%84%D8%B2%D9%85%D8%A7%D9%86_188,0,tv.alarab.com,"
شاهد مسلسل على مر الزمان كامل تركي مدبلج للعربية مشاهدة مباشرة اون لابن بجودة عالية",0
449,https://www.rotana.video/watch.php?vid=584da1cf7,0,www.rotana.video,مشاهدة مسلسل ظل الحلم الحلقة 28 الثامنة والعشرون HD اون لاين,0
450,https://www.emotionvideo-tv.com/watch.php?vid=4bf1b3dc7,0,www.emotionvideo-tv.com,مشاهدة فيلم جحيم في الهند 2016 HD اون لاين كامل,0
451,https://www.emotionvideo-tv.com/watch.php?vid=4c0823cea,0,www.emotionvideo-tv.com,مشاهدة فيلم Rampage 2018 مترجم كامل HD اون لاين,0
452,http://shahidline.com/episodes/dolunay-14/,0,shahidline.com, مسلسل البدر الحلقة 14 مترجم,0
453,http://www.nsaem.net/video/watch.php?vid=9f9886c85,0,www.nsaem.net,مسلسل Blindspot الموسم 3 الحلقة 4 الرابعة مترجم اون لاين,0
454,http://cimaclub.com/?page=587/,0,cimaclub.com,Cant scrape,0
455,http://www.nsaem.net/video/watch.php?vid=5bc72573d,0,www.nsaem.net,مشاهدة الفيلم التركي حلوى اللوز Badem şekeri 2017 مترجم اون لاين,0
456,https://www.kelmeten.com/video/watch?vid=343e08b9e,0,www.kelmeten.com,شاهد مسلسل طيور بلا أجنحة الحلقة 44 مترجمة للعربية,0
457,http://shahidline.com/episodes/savasci-s2-5/,0,shahidline.com, مسلسل المحارب الموسم الثاني الحلقة 5 مترجم,0
458,https://www.halqat.tv/video/watch.php?vid=7f5372e0a,0,www.halqat.tv,مسلسل حكايتنا الحلقة 1 الاولى مترجم اون لاين كاملة HD,0
459,https://www.halqat.tv/video/watch.php?vid=8ca712869,0,www.halqat.tv,مسلسل كلام اصفر الحلقة 13 كاملة,0
460,https://www.4helal.tv/video/3852/watch.html,0,www.4helal.tv,"
فيلم Twilight مترجم

",0
461,https://www.4helal.tv/video/4286/watch.html,0,www.4helal.tv,"
مسلسل فتيان قبل الزهور الحلقة 5

",0
462,http://tv.alarab.com/v43819-_%C3%98%C2%B4%C3%98%C2%A7%C3%99%E2%80%A1%C3%98%C2%AF_%C3%99%E2%80%A6%C3%98%C2%B3%C3%99%E2%80%9E%C3%98%C2%B3%C3%99%E2%80%9E_%C3%98%C2%A7%C3%98%C2%B3%C3%99%E2%80%A6%C3%99%C5%A0%C3%98%C2%AA%C3%99%E2%80%A1%C3%98%C2%A7_%C3%99%C2%81%C3%98%C2%B1%C3%99%C5%A0%C3%98%C2%AD%C3%98%C2%A9_%C3%98%C2%AA%C3%98%C2%B1%C3%99%C6%92%C3%99%C5%A0_54,0,tv.alarab.com,"
شاهد مسلسل اسميتها فريحة تركي مترجم للعربية مشاهدة مباشرة اون لاين بجودة عالية",0
468,http://www.ankawa.com/forum/index.php?topic=876042.0,0,www.ankawa.com,تحذير!,0
469,https://www.elrdar.com/video/index.php,0,www.elrdar.com,Cant scrape,0
470,http://urcima.com/%d9%85%d8%b3%d9%84%d8%b3%d9%84-%d8%a7%d9%84%d8%ae%d8%a7%d9%88%d8%a9-%d8%a7%d9%84%d9%85%d9%88%d8%b3%d9%85-2-%d8%a7%d9%84%d8%ad%d9%84%d9%82%d8%a9-6-%d8%a7%d9%84%d8%b3%d8%a7%d8%af%d8%b3%d8%a9/,0,urcima.com,مسلسل الخاوة الموسم 2 الحلقة 6 السادسة,0
471,http://shahid4u.tv/%d8%a8%d8%b1%d9%86%d8%a7%d9%85%d8%ac-100-%d8%b1%d9%8a%d8%ae%d8%aa%d8%b1-%d8%a7%d9%84%d8%ad%d9%84%d9%82%d8%a9-1-%d8%b9%d9%84%d9%8a-%d8%b1%d8%a8%d9%8a%d8%b9,0,shahid4u.tv,برنامج 100 ريختر الحلقة 1 علي ربيع,0
472,http://shahid4u.tv/%d8%a8%d8%b1%d9%86%d8%a7%d9%85%d8%ac-100-%d8%b1%d9%8a%d8%ae%d8%aa%d8%b1-%d8%a7%d9%84%d8%ad%d9%84%d9%82%d8%a9-2-%d9%85%d8%ac%d8%af%d9%8a-%d8%b9%d8%a8%d8%af-%d8%a7%d9%84%d8%ba%d9%86%d9%8a,0,shahid4u.tv,برنامج 100 ريختر الحلقة 2 مجدي عبد الغني,0
473,http://shahid4u.tv/%d8%a8%d8%b1%d9%86%d8%a7%d9%85%d8%ac-100-%d8%b1%d9%8a%d8%ae%d8%aa%d8%b1-%d8%a7%d9%84%d8%ad%d9%84%d9%82%d8%a9-3-%d8%a7%d9%8a%d9%85%d8%a7%d9%86-%d8%a7%d9%84%d8%b3%d9%8a%d8%af,0,shahid4u.tv,برنامج 100 ريختر الحلقة 3 ايمان السيد,0
474,http://shahid4u.tv/%d8%a8%d8%b1%d9%86%d8%a7%d9%85%d8%ac-100-%d8%b1%d9%8a%d8%ae%d8%aa%d8%b1-%d8%a7%d9%84%d8%ad%d9%84%d9%82%d8%a9-4-%d8%b1%d9%8a%d9%85-%d8%a7%d9%84%d8%a8%d8%a7%d8%b1%d9%88%d8%af%d9%8a,0,shahid4u.tv,برنامج 100 ريختر الحلقة 4 ريم البارودي,0
475,http://shahid4u.tv/%d8%a8%d8%b1%d9%86%d8%a7%d9%85%d8%ac-100-%d8%b1%d9%8a%d8%ae%d8%aa%d8%b1-%d8%a7%d9%84%d8%ad%d9%84%d9%82%d8%a9-5-%d8%a7%d8%a8%d9%88-%d8%a7%d9%84%d9%84%d9%8a%d9%81,0,shahid4u.tv,برنامج 100 ريختر الحلقة 5 ابو الليف,0
476,http://shahid4u.tv/%d8%a8%d8%b1%d9%86%d8%a7%d9%85%d8%ac-100-%d8%b1%d9%8a%d8%ae%d8%aa%d8%b1-%d8%a7%d9%84%d8%ad%d9%84%d9%82%d8%a9-6-%d8%a7%d8%ad%d9%85%d8%af-%d9%81%d8%aa%d8%ad%d9%8a,0,shahid4u.tv,برنامج 100 ريختر الحلقة 6 احمد فتحي,0
477,http://shahid4u.tv/%d8%a8%d8%b1%d9%86%d8%a7%d9%85%d8%ac-100-%d8%b1%d9%8a%d8%ae%d8%aa%d8%b1-%d8%a7%d9%84%d8%ad%d9%84%d9%82%d8%a9-7-%d8%b1%d9%8a%d9%83%d9%88,0,shahid4u.tv,برنامج 100 ريختر الحلقة 7 ريكو,0
478,http://shahid4u.tv/%d8%a8%d8%b1%d9%86%d8%a7%d9%85%d8%ac-100-%d8%b1%d9%8a%d8%ae%d8%aa%d8%b1-%d8%a7%d9%84%d8%ad%d9%84%d9%82%d8%a9-8-%d9%85%d8%ad%d9%85%d8%af-%d8%b9%d8%a8%d8%af-%d8%a7%d9%84%d8%b1%d8%ad%d9%85%d9%86,0,shahid4u.tv,برنامج 100 ريختر الحلقة 8 محمد عبد الرحمن,0
479,http://shahid4u.tv/%d8%a8%d8%b1%d9%86%d8%a7%d9%85%d8%ac-100-%d8%b1%d9%8a%d8%ae%d8%aa%d8%b1-%d8%a7%d9%84%d8%ad%d9%84%d9%82%d8%a9-10-%d8%b9%d9%84%d8%a7%d8%a1-%d9%85%d8%b1%d8%b3%d9%8a,0,shahid4u.tv,برنامج 100 ريختر الحلقة 10 علاء مرسي,0
480,http://shahid4u.tv/%d8%a8%d8%b1%d9%86%d8%a7%d9%85%d8%ac-100-%d8%b1%d9%8a%d8%ae%d8%aa%d8%b1-%d8%a7%d9%84%d8%ad%d9%84%d9%82%d8%a9-11-%d8%af%d8%a7%d9%84%d9%8a%d8%a7-%d9%85%d8%b5%d8%b7%d9%81%d9%8a,0,shahid4u.tv,برنامج 100 ريختر الحلقة 11 داليا مصطفي,0
481,http://shahid4u.tv/%d8%a8%d8%b1%d9%86%d8%a7%d9%85%d8%ac-100-%d8%b1%d9%8a%d8%ae%d8%aa%d8%b1-%d8%a7%d9%84%d8%ad%d9%84%d9%82%d8%a9-12-%d8%a7%d9%84%d8%b4%d9%8a%d9%81-%d8%ad%d8%b3%d9%86,0,shahid4u.tv,برنامج 100 ريختر الحلقة 12 الشيف حسن,0
482,http://shahid4u.tv/%d9%85%d8%b4%d8%a7%d9%87%d8%af%d8%a9-%d8%a8%d8%b1%d9%86%d8%a7%d9%85%d8%ac-100-%d8%b1%d9%8a%d8%ae%d8%aa%d8%b1-%d8%a7%d9%84%d8%ad%d9%84%d9%82%d8%a9-13-%d8%b1%d9%8a%d9%87%d8%a7%d9%85-%d8%ad%d8%ac%d8%a7,0,shahid4u.tv,برنامج 100 ريختر الحلقة 13 ريهام حجاج,0
483,http://shahid4u.tv/%d9%85%d8%b4%d8%a7%d9%87%d8%af%d8%a9-%d8%a8%d8%b1%d9%86%d8%a7%d9%85%d8%ac-100-%d8%b1%d9%8a%d8%ae%d8%aa%d8%b1-%d8%a7%d9%84%d8%ad%d9%84%d9%82%d8%a9-14-%d9%86%d8%b3%d8%b1%d9%8a%d9%86-%d8%a7%d9%85%d8%a7,0,shahid4u.tv,برنامج 100 ريختر الحلقة 14 نسرين امام,0
484,http://shahid4u.tv/%d9%85%d8%b4%d8%a7%d9%87%d8%af%d8%a9-%d8%a8%d8%b1%d9%86%d8%a7%d9%85%d8%ac-100-%d8%b1%d9%8a%d8%ae%d8%aa%d8%b1-%d8%a7%d9%84%d8%ad%d9%84%d9%82%d8%a9-15-%d8%b3%d8%a7%d9%85%d8%ad-%d8%ad%d8%b3%d9%8a%d9%86,0,shahid4u.tv,برنامج 100 ريختر الحلقة 15 سامح حسين,0
485,http://shahid4u.tv/%d9%85%d8%b4%d8%a7%d9%87%d8%af%d8%a9-%d8%a8%d8%b1%d9%86%d8%a7%d9%85%d8%ac-100-%d8%b1%d9%8a%d8%ae%d8%aa%d8%b1-%d8%a7%d9%84%d8%ad%d9%84%d9%82%d8%a9-16-%d8%b9%d8%b5%d8%a7%d9%85-%d9%83%d8%a7%d8%b1%d9%8a,0,shahid4u.tv,برنامج 100 ريختر الحلقة 16 عصام كاريكا,0
486,http://shahid4u.tv/%d9%85%d8%b4%d8%a7%d9%87%d8%af%d8%a9-%d8%a8%d8%b1%d9%86%d8%a7%d9%85%d8%ac-100-%d8%b1%d9%8a%d8%ae%d8%aa%d8%b1-%d8%a7%d9%84%d8%ad%d9%84%d9%82%d8%a9-17-%d8%b3%d9%84%d9%8a%d9%85%d8%a7%d9%86-%d8%b9%d9%8a,0,shahid4u.tv,برنامج 100 ريختر الحلقة 17 سليمان عيد,0
487,http://shahid4u.tv/%d9%85%d8%b4%d8%a7%d9%87%d8%af%d8%a9-%d8%a8%d8%b1%d9%86%d8%a7%d9%85%d8%ac-100-%d8%b1%d9%8a%d8%ae%d8%aa%d8%b1-%d8%a7%d9%84%d8%ad%d9%84%d9%82%d8%a9-18-%d8%af%d9%8a%d9%86%d8%a7-%d9%81%d8%a4%d8%a7%d8%af,0,shahid4u.tv,برنامج 100 ريختر الحلقة 18 دينا فؤاد,0
488,http://shahid4u.tv/%d8%a8%d8%b1%d9%86%d8%a7%d9%85%d8%ac-100-%d8%b1%d9%8a%d8%ae%d8%aa%d8%b1-%d8%a7%d9%84%d8%ad%d9%84%d9%82%d8%a9-19-%d9%87%d8%af%d9%8a,0,shahid4u.tv,برنامج 100 ريختر الحلقة 19 هدي,0
489,http://shahid4u.tv/%d9%85%d8%b4%d8%a7%d9%87%d8%af%d8%a9-%d8%a8%d8%b1%d9%86%d8%a7%d9%85%d8%ac-100-%d8%b1%d9%8a%d8%ae%d8%aa%d8%b1-%d8%a7%d9%84%d8%ad%d9%84%d9%82%d8%a9-20-%d8%a7%d9%8a%d9%87%d8%a7%d8%a8-%d9%81%d9%87%d9%85,0,shahid4u.tv,برنامج 100 ريختر الحلقة 20 ايهاب فهمي,0
490,http://shahid4u.tv/%d9%85%d8%b4%d8%a7%d9%87%d8%af%d8%a9-%d8%a8%d8%b1%d9%86%d8%a7%d9%85%d8%ac-100-%d8%b1%d9%8a%d8%ae%d8%aa%d8%b1-%d8%a7%d9%84%d8%ad%d9%84%d9%82%d8%a9-21-%d8%a7%d8%ad%d9%85%d8%af-%d8%b5%d9%81%d9%88%d8%aa,0,shahid4u.tv,برنامج 100 ريختر الحلقة 21 احمد صفوت,0
491,http://shahid4u.tv/%d9%85%d8%b4%d8%a7%d9%87%d8%af%d8%a9-%d8%a8%d8%b1%d9%86%d8%a7%d9%85%d8%ac-100-%d8%b1%d9%8a%d8%ae%d8%aa%d8%b1-%d8%a7%d9%84%d8%ad%d9%84%d9%82%d8%a9-22-%d8%b1%d9%86%d8%a7-%d8%b3%d9%85%d8%a7%d8%ad%d8%a9,0,shahid4u.tv,برنامج 100 ريختر الحلقة 22 رنا سماحة,0
492,http://shahid4u.tv/%d9%85%d8%b4%d8%a7%d9%87%d8%af%d8%a9-%d8%a8%d8%b1%d9%86%d8%a7%d9%85%d8%ac-100-%d8%b1%d9%8a%d8%ae%d8%aa%d8%b1-%d8%a7%d9%84%d8%ad%d9%84%d9%82%d8%a9-23-%d9%85%d9%86%d8%a9-%d9%81%d8%b6%d8%a7%d9%84%d9%89,0,shahid4u.tv,برنامج 100 ريختر الحلقة 23 منة فضالي,0
493,http://shahid4u.tv/%d9%85%d8%b4%d8%a7%d9%87%d8%af%d8%a9-%d8%a8%d8%b1%d9%86%d8%a7%d9%85%d8%ac-100-%d8%b1%d9%8a%d8%ae%d8%aa%d8%b1-%d8%a7%d9%84%d8%ad%d9%84%d9%82%d8%a9-24-%d8%a8%d9%8a%d9%88%d9%85%d9%89-%d9%81%d8%a4%d8%a7,0,shahid4u.tv,برنامج 100 ريختر الحلقة 24 بيومي فؤاد,0
494,http://shahid4u.tv/%d9%85%d8%b4%d8%a7%d9%87%d8%af%d8%a9-%d8%a8%d8%b1%d9%86%d8%a7%d9%85%d8%ac-100-%d8%b1%d9%8a%d8%ae%d8%aa%d8%b1-%d8%a7%d9%84%d8%ad%d9%84%d9%82%d8%a9-25-%d9%84%d8%a4%d9%89,0,shahid4u.tv,برنامج 100 ريختر الحلقة 25 لؤي,0
495,http://shahid4u.tv/%d9%85%d8%b4%d8%a7%d9%87%d8%af%d8%a9-%d8%a8%d8%b1%d9%86%d8%a7%d9%85%d8%ac-100-%d8%b1%d9%8a%d8%ae%d8%aa%d8%b1-%d8%a7%d9%84%d8%ad%d9%84%d9%82%d8%a9-26-%d8%ad%d8%ac%d8%a7%d8%b2%d9%89-%d9%85%d8%aa%d9%82,0,shahid4u.tv,برنامج 100 ريختر الحلقة 26 حجازي متقال,0
496,http://shahid4u.tv/%d8%a8%d8%b1%d9%86%d8%a7%d9%85%d8%ac-100-%d8%b1%d9%8a%d8%ae%d8%aa%d8%b1-%d8%a7%d9%84%d8%ad%d9%84%d9%82%d8%a9-27-%d8%ae%d8%a7%d9%84%d8%af-%d8%a7%d9%84%d8%ba%d9%86%d8%af%d9%88%d8%b1,0,shahid4u.tv,برنامج 100 ريختر الحلقة 27 خالد الغندور,0
497,http://shahid4u.tv/%d8%a8%d8%b1%d9%86%d8%a7%d9%85%d8%ac-100-%d8%b1%d9%8a%d8%ae%d8%aa%d8%b1-%d8%a7%d9%84%d8%ad%d9%84%d9%82%d8%a9-28-%d8%b1%d9%8a%d9%87%d8%a7%d9%85-%d8%a7%d9%84%d8%b3%d9%87%d9%84%d9%8a,0,shahid4u.tv,برنامج 100 ريختر الحلقة 28 ريهام السهلي,0
498,http://shahid4u.tv/%d8%a8%d8%b1%d9%86%d8%a7%d9%85%d8%ac-100-%d8%b1%d9%8a%d8%ae%d8%aa%d8%b1-%d8%a7%d9%84%d8%ad%d9%84%d9%82%d8%a9-29-%d9%87%d8%a8%d8%a9-%d9%85%d8%ac%d8%af%d9%8a,0,shahid4u.tv,برنامج 100 ريختر الحلقة 29 هبة مجدي,0
499,http://shahid4u.tv/%d8%a8%d8%b1%d9%86%d8%a7%d9%85%d8%ac-100-%d8%b1%d9%8a%d8%ae%d8%aa%d8%b1-%d8%a7%d9%84%d8%ad%d9%84%d9%82%d8%a9-30-%d8%b3%d9%85%d8%a7-%d8%a7%d9%84%d9%85%d8%b5%d8%b1%d9%8a,0,shahid4u.tv,برنامج 100 ريختر الحلقة 30 سما المصري,0
500,http://shahid4u.tv/%d8%a8%d8%b1%d9%86%d8%a7%d9%85%d8%ac-100-%d8%b1%d9%8a%d8%ae%d8%aa%d8%b1-%d8%a7%d9%84%d8%ad%d9%84%d9%82%d8%a9-31-%d9%87%d8%a7%d9%84%d8%a9-%d9%81%d8%a7%d8%ae%d8%b1,0,shahid4u.tv,برنامج 100 ريختر الحلقة 31 هالة فاخر,0
501,http://shahid4u.tv/%d8%a8%d8%b1%d9%86%d8%a7%d9%85%d8%ac-100-%d8%b1%d9%8a%d8%ae%d8%aa%d8%b1-%d8%a7%d9%84%d8%ad%d9%84%d9%82%d8%a9-32-%d9%88%d8%a7%d9%84%d8%a7%d8%ae%d9%8a%d8%b1%d8%a9-%d8%b7%d9%84%d8%b9%d8%aa-%d8%b2%d9%83,0,shahid4u.tv,برنامج 100 ريختر الحلقة 32 والاخيرة طلعت زكريا,0
505,https://www.rotana.video/category.php?cat=english-movies,0,www.rotana.video,Cant scrape,0
506,http://cimaclub.com/release-year/2018/,0,cimaclub.com,Cant scrape,0
507,https://www.rotana.video/watch.php?vid=4f8942b43,0,www.rotana.video,مشاهدة مسلسل كأنه إمبارح الحلقة 12 الثانية عشر HD اون لاين,0
508,https://www.4helal.tv/video/11959/watch.html,0,www.4helal.tv,"
مسلسل حق ميت الحلقة 6

",0
509,https://www.4helal.tv/video/9250/watch.html,0,www.4helal.tv,"
مشاهدة فيلم The Fault in Our Stars مترجم اون لاين بجودة BluRay

",0
510,http://cimaclub.com/?page=591/,0,cimaclub.com,Cant scrape,0
511,http://shahidline.com/episodes/kirgin-cicekler-27/,0,shahidline.com, مسلسل الازهار الحزينة الموسم الثاني الحلقة 27 مترجم,0
514,http://shahidline.com/episodes/eazuti-8/,0,shahidline.com, مسلسل عزوتي الحلقة 8 كامل,0
515,http://shahid4u.tv/slider/%d9%85%d8%b3%d9%84%d8%b3%d9%84-legends-of-tomorrow-%d8%a7%d9%84%d9%85%d9%88%d8%b3%d9%85-%d8%a7%d9%84%d8%ab%d8%a7%d9%86%d9%8a-%d8%a7%d9%84%d8%ad%d9%84%d9%82%d8%a9-1,0,shahid4u.tv,فيلم Ocean’s 8 2018 مترجم,0
517,https://www.4helal.tv/video/series-khlsanh-beshyakeh-episode-8-watch-video.html,0,www.4helal.tv,"
مسلسل خلصانة بشياكة الحلقة 8

",0
518,https://www.4helal.tv/video/series-Afarit-Adly-Alam-episode-8-watch-video.html,0,www.4helal.tv,"
مسلسل عفاريت عدلي علام الحلقة 8

",0
521,https://cimaclub.online/video/watch-mosalsal-banshee-episode-8-season-4-s04e08-series-cima4u-cima4up-download-stream-moshahada-online-translated-4helal-tube_a828wn47r.html,0,cimaclub.online,مشاهدة Banshee S04E08 الموسم 4 الحلقة 8 ,0
522,http://urcima.com/%d9%85%d8%b3%d9%84%d8%b3%d9%84-%d8%a7%d9%84%d9%85%d9%88%d8%a7%d8%ac%d9%87%d8%a9-%d8%a7%d9%84%d8%ad%d9%84%d9%82%d8%a9-8-%d8%a7%d9%84%d8%ab%d8%a7%d9%85%d9%86%d8%a9/,0,urcima.com,مسلسل المواجهة الحلقة 8 الثامنة,0
523,https://xn--ogbwbr6be.net/?cat=-1,0,xn--ogbwbr6be.net,Cant scrape,0
524,http://tv.alarab.com/v60064-_%D8%B4%D8%A7%D9%87%D8%AF_%D9%85%D8%B3%D9%84%D8%B3%D9%84_%D8%B4%D8%A7%D8%B1%D8%B9_%D8%A7%D9%84%D8%B3%D9%84%D8%A7%D9%85_%D8%A7%D9%84%D8%AC%D8%B2%D8%A1_21,0,tv.alarab.com,"
شاهد مسلسل شارع السلام الجزء 2  HD مترجم للعربية كامل مشاهدة مباشرة اون لاين بجودة عالية بدون تحميل",0
525,https://xn--ogbwbr6be.net/%D9%85%D8%B3%D9%84%D8%B3%D9%84-%D8%AC%D8%B3%D9%88%D8%B1-%D9%88%D8%A7%D9%84%D8%AC%D9%85%D9%8A%D9%84%D8%A9-%D8%A7%D9%84%D8%AD%D9%84%D9%82%D8%A9-88/,0,xn--ogbwbr6be.net,مسلسل جسور والجميلة الحلقة 88,0
526,https://xn--ogbwbr6be.net/%d9%85%d8%b3%d9%84%d8%b3%d9%84-%d8%ac%d8%b3%d9%88%d8%b1-%d9%88%d8%a7%d9%84%d8%ac%d9%85%d9%8a%d9%84%d8%a9-%d8%a7%d9%84%d8%ad%d9%84%d9%82%d8%a9-78/,0,xn--ogbwbr6be.net,مسلسل جسور والجميلة الحلقة 78,0
528,http://www.ankawa.com/forum/index.php?topic=877372.0,0,www.ankawa.com,تحذير!,0
529,http://www.ankawa.com/forum/index.php?topic=877055.0,0,www.ankawa.com,تحذير!,0
531,http://shahidline.com/episodes/vatanim-sensin-s2-11/,0,shahidline.com, مسلسل انت وطني الموسم الثاني الحلقة 11 مترجم,0
535,http://shahidline.com/episodes/kutul-amare-11/,0,shahidline.com, مسلسل كوت العمارة الحلقة 11 مترجم,0
536,https://www.4helal.tv/video/10182/watch.html,0,www.4helal.tv,"
مسلسل الساحرة الاسطورية الحلقة 11

",0
537,https://cimaclub.online/video/watch-mosalsal-orange-is-the-new-black-episode-11-season-1-s01e11-series-cima4u-cima4up-download-stream-moshahada-online-translated-4helal-tube_15q2p6kym.html,0,cimaclub.online,مشاهدة Orange Is the New Black S01E11 الموسم 1 الحلقة 11 ,0
538,https://cimaclub.online/video/watch-mosalsal-the-originals-episode-11-season-2-s02e11-series-cima4u-cima4up-download-stream-moshahada-online-translated-4helal-tube_3j42o72d6.html,0,cimaclub.online,مشاهدة The Originals S02E11 الموسم 2 الحلقة 11 ,0
539,http://cimaclub.com/%d9%85%d8%b3%d9%84%d8%b3%d9%84-%d8%b9%d8%b2%d9%88%d8%aa%d9%8a-%d8%a7%d9%84%d8%ad%d9%84%d9%82%d8%a9-3-%d8%a7%d9%84%d8%ab%d8%a7%d9%84%d8%ab%d8%a9/,0,cimaclub.com,مسلسل عزوتي الحلقة 3 الثالثة,0
541,http://www.ankawa.com/forum/index.php?topic=876780.0,0,www.ankawa.com,تحذير!,0
542,https://www.dardarkom.video/watch.php?vid=e5b04e76c,0,www.dardarkom.video,مسلسل رحيم الحلقة 10 العاشرة ,1
543,http://www.nsaem.net/video/watch.php?vid=6ee32c030,0,www.nsaem.net,مسلسل الهيبة الحلقة 10 العاشرة اون لاين HD,0
544,http://www.nsaem.net/video/watch.php?vid=9fdc864b5,0,www.nsaem.net,مسلسل اسمها زهراء الحلقة 10 كاملة اون لاين,0
546,https://cera.video/page/8/,0,cera.video,Cant scrape,0
547,https://www.rotana.video/watch.php?vid=34dc77b49,0,www.rotana.video,مشاهدة مسلسل كلام أصفر الحلقة 27 السابعة والعشرون HD اون لاين,0
548,https://www.kelmeten.com/video/watch?vid=488a75d0d,0,www.kelmeten.com,مشاهده مسلسل كوت العماره الحلقه 10 العاشره الموسم الاول مترجمه بالعربيه كامله اون لاين,0
549,https://cimaclub.online/video/watch-mosalsal-banshee-episode-10-season-1-s01e10-series-cima4u-cima4up-download-stream-moshahada-online-translated-4helal-tube_9vw0gtjmc.html,0,cimaclub.online,مشاهدة Banshee S01E10 الموسم 1 الحلقة 10 ,0
550,http://urcima.com/%d9%85%d8%b3%d9%84%d8%b3%d9%84-%d8%b1%d8%b3%d8%a7%d9%8a%d9%84-%d8%a7%d9%84%d8%ad%d9%84%d9%82%d8%a9-11-%d8%a7%d9%84%d8%ad%d8%a7%d8%af%d9%8a%d8%a9-%d8%b9%d8%b4%d8%b1/,0,urcima.com,مسلسل رسايل الحلقة 11 الحادية عشر,0
553,https://www.mzarita.tv/video/watch.php?vid=cd3e5bb73,0,www.mzarita.tv,مشاهدة فيلم الباب يفوت امل 2016 كامل اون لاين HD يوتيوب,0
560,http://mosalsalaty.website/watch.php?vid=e19532ad6,0,mosalsalaty.website,مسلسل Billions الموسم الثالث الحلقة 12 اون لاين,0
561,https://www.rotana.video/watch.php?vid=34051f62b,0,www.rotana.video,مشاهدة مسلسل حريم أبوى الحلقة 1 الأولى HD اون لاين,0
562,http://shahidline.com/episodes/cember-8/,0,shahidline.com, مسلسل الدائرة الحلقة 8 مترجم,0
564,https://xn--ogbwbr6be.net/%D9%85%D8%B3%D9%84%D8%B3%D9%84-%D8%AC%D8%B3%D9%88%D8%B1-%D9%88%D8%A7%D9%84%D8%AC%D9%85%D9%8A%D9%84%D8%A9-%D8%A7%D9%84%D8%AD%D9%84%D9%82%D8%A9-80/,0,xn--ogbwbr6be.net,مسلسل جسور والجميلة الحلقة 80,0
567,https://www.rotana.video/watch.php?vid=a91fc8acd,0,www.rotana.video,مشاهدة مسلسل كلام أصفر الحلقة 13 الثالثة عشر HD اون لاين,0
569,https://www.4helal.tv/video/series-Malika-episode-13.html,0,www.4helal.tv,"
مسلسل مليكة الحلقة 13

",0
570,https://www.4helal.tv/video/series-Tayea-episode-13.html,0,www.4helal.tv,"
مسلسل طايع الحلقة 13

",0
571,https://cimaclub.online/video/watch-mosalsal-friends-episode-13-season-7-s07e13-series-cima4u-cima4up-download-stream-moshahada-online-translated-4helal-tube_02zdtqwk2.html,0,cimaclub.online,مشاهدة Friends S07E13 الموسم 7 الحلقة 13 ,0
572,https://cimaclub.online/video/watch-mosalsal-the-originals-episode-13-season-1-s01e13-series-cima4u-cima4up-download-stream-moshahada-online-translated-4helal-tube_wmsnpv4zo.html,0,cimaclub.online,مشاهدة The Originals S01E13 الموسم 1 الحلقة 13 ,0
573,http://shahidline.com/episodes/kutul-amare-13/,0,shahidline.com, مسلسل كوت العمارة الحلقة 13 مترجم,0
574,http://urcima.com/%d9%85%d8%b3%d9%84%d8%b3%d9%84-%d8%a7%d8%a8%d9%88-%d8%b9%d9%85%d8%b1-%d8%a7%d9%84%d9%85%d8%b5%d8%b1%d9%8a-%d8%a7%d9%84%d8%ad%d9%84%d9%82%d8%a9-12-%d8%a7%d9%84%d8%ab%d8%a7%d9%86%d9%8a%d8%a9-%d8%b9/,0,urcima.com,مسلسل ابو عمر المصري الحلقة 12 الثانية عشر,0
577,http://tv.alarab.com/v83262-_%D9%85%D8%B3%D9%84%D8%B3%D9%84_%D8%A7%D9%84%D8%AD%D9%8A%D8%A7%D8%A9_%D8%AD%D9%84%D9%88%D9%87_%D8%A7%D8%AD%D9%8A%D8%A7%D9%86%D8%A7_hayat_22016,0,tv.alarab.com,"
مسلسل الحياة حلوه احيانا hayat bazen tatlıdır تركي دراما اجتماعي مترجم للعربية HD اونلاين 2016",0
579,http://cimaclub.com/?page=595/,0,cimaclub.com,Cant scrape,0
581,https://urcima.com/%d9%85%d8%b3%d9%84%d8%b3%d9%84-%d8%b3%d9%84%d8%b3%d8%a7%d9%84-%d8%a7%d9%84%d8%af%d9%85-%d8%a7%d9%84%d9%85%d9%88%d8%b3%d9%85-5-%d8%a7%d9%84%d8%ad%d9%84%d9%82%d8%a9-16-%d8%a7%d9%84%d8%b3%d8%a7%d8%af/,0,urcima.com,مسلسل سلسال الدم الموسم 5 الحلقة 16 السادسة عشر,0
582,https://ramdan.video/%d8%b1%d8%af-%d9%81%d8%b9%d9%84-%d8%a5%d9%8a%d9%87%d8%a7%d8%a8-%d9%81%d9%87%d9%85%d9%8a-%d8%a8%d8%b9%d8%af-%d9%83%d9%84%d8%a7%d9%85-%d9%8a%d8%a7%d8%b3%d8%b1-%d8%ac%d9%84%d8%a7%d9%84-%d8%b1%d8%ad_7ed890643.html,0,ramdan.video,"رد فعل "" إيهاب فهمي "" بعد كلام ياسر جلال "" رحيم "" .. مش عايز اكتر من كده "" - رحيم",1
583,https://ramdan.video/%d8%a7%d9%84%d8%a3%d8%ae-%d8%a7%d9%84%d9%83%d8%a8%d9%8a%d8%b1-%d8%af%d8%a7%d9%8a%d9%85%d8%a7-%d9%8a%d8%ba%d9%84%d8%b3-%d8%b9%d9%84%d9%89-%d8%a3%d8%ae%d8%aa%d9%87-%d8%a7%d9%84%d8%b5%d8%ba%d9%8a%d8%b1_baac7e078.html,0,ramdan.video,"الأخ الكبير دايما يغلس على أخته الصغيرة "" انتي خارجة كدة ورايحة على فين"" .. #مليكة",0
584,https://ramdan.video/%d9%85%d8%b3%d9%84%d8%b3%d9%84-%d8%b3%d8%a7%d8%a8%d8%b9-%d8%ac%d8%a7%d8%b1-%d8%ad%d9%86%d9%8a%d8%a9-%d8%a7%d9%84%d8%a3%d8%ae-%d9%85%d8%a7-%d8%aa%d8%aa%d8%b9%d9%88%d8%b6%d8%b4-%d9%87%d9%88-%d8%a7_8db23956f.html,0,ramdan.video,مسلسل سابع جار | حنية الأخ ما تتعوضش ..هو السند وقت الشدة تلاقيه جنبك,0
585,https://ramdan.video/%d9%85%d8%b3%d9%84%d8%b3%d9%84-%d8%a7%d9%84%d8%a8%d9%8a%d8%aa-%d8%a7%d9%84%d9%83%d8%a8%d9%8a%d8%b1-l-%d8%b1%d8%af-%d9%81%d8%b9%d9%84-%d8%b2%d9%8a%d9%86%d8%a8-%d8%b9%d9%84%d9%89-%d9%85%d8%b1%d9%88_877b24d34.html,0,ramdan.video,مسلسل البيت الكبير l رد فعل زينب على مروان بعد حبس كريمة ... شوفوا عملت ايه ؟,0
586,https://ramdan.video/%d9%85%d8%b3%d9%84%d8%b3%d9%84-%d8%a7%d9%84%d8%a8%d9%8a%d8%aa-%d8%a7%d9%84%d9%83%d8%a8%d9%8a%d8%b1-l-%d8%a7%d9%84%d8%b4%d8%ba%d8%a7%d9%84%d8%a9-%d8%b7%d9%84%d8%b9%d8%aa-%d9%85%d8%b4-%d8%b3%d9%87%d9%84_7b18b0bf6.html,0,ramdan.video,مسلسل البيت الكبير l الشغالة طلعت مش سهلة .. شوفوا عملت ايه مع حسن !!!,0
587,https://ramdan.video/%d9%85%d8%b3%d9%84%d8%b3%d9%84-%d8%a7%d9%84%d8%a8%d9%8a%d8%aa-%d8%a7%d9%84%d9%83%d8%a8%d9%8a%d8%b1-l-%d8%a7%d9%84%d8%a7%d9%86%d8%aa%d9%82%d8%a7%d9%85-%d8%a8%d8%af%d8%a7-%d9%81%d9%89-%d8%a7%d9%84%d8%a8_55b062537.html,0,ramdan.video,مسلسل البيت الكبير l الانتقام بدا فى البيت الكبير شوفوا ريتال عملت ايه مع شمس,0
588,https://ramdan.video/%d9%85%d8%b3%d9%84%d8%b3%d9%84-%d8%a7%d9%84%d8%a8%d9%8a%d8%aa-%d8%a7%d9%84%d9%83%d8%a8%d9%8a%d8%b1-l-%d8%a7%d9%88%d9%84-%d9%85%d9%88%d8%a7%d8%ac%d9%87%d8%a9-%d8%a8%d9%8a%d9%86-%d8%b1%d9%8a%d8%aa%d8%a7_061fc0422.html,0,ramdan.video,مسلسل البيت الكبير l اول مواجهة بين ريتال وشمس بعد الحادث ... شوفوا شمس عملت ايه,0
589,https://ramdan.video/%d9%85%d8%b3%d9%84%d8%b3%d9%84-%d8%a7%d9%84%d8%a8%d9%8a%d8%aa-%d8%a7%d9%84%d9%83%d8%a8%d9%8a%d8%b1-l-%d8%b4%d9%88%d9%81%d9%88%d8%a7-%d9%86%d8%af%d9%89-%d8%b9%d9%85%d9%84%d8%aa-%d8%a7%d9%8a%d9%87_3b402e1f8.html,0,ramdan.video,مسلسل البيت الكبير l شوفوا ندى عملت ايه فى عبد الحكيم .. ورد فعل غريب جدا !,0
590,https://ramdan.video/%d9%85%d8%b3%d9%84%d8%b3%d9%84-%d8%a7%d9%84%d8%a8%d9%8a%d8%aa-%d8%a7%d9%84%d9%83%d8%a8%d9%8a%d8%b1-l-%d8%ad%d8%b3%d9%86-%d9%8a%d9%86%d9%81%d8%b9%d9%84-%d8%b9%d9%84%d9%89-%d8%b4%d9%87%d8%af-%d9%88_aebd20997.html,0,ramdan.video,مسلسل البيت الكبير l حسن ينفعل على شهد ويضربها  ...  ولكن شوفوا شهد عملت ايه,0
591,https://ramdan.video/%d9%85%d8%b3%d9%84%d8%b3%d9%84-%d8%a7%d9%84%d8%a8%d9%8a%d8%aa-%d8%a7%d9%84%d9%83%d8%a8%d9%8a%d8%b1-l-%d8%b1%d9%8a%d8%aa%d8%a7%d9%84-%d8%b9%d8%b1%d9%81%d8%aa-%d8%a7%d8%b2%d8%a7%d9%89-%d8%aa%d8%ae%d9%84_b009ef09f.html,0,ramdan.video,مسلسل البيت الكبير l ريتال عرفت ازاى تخلى حسن يسيب البيت الكبير... شوفوا عملت ايه ؟,0
592,https://ramdan.video/%d9%85%d8%b3%d9%84%d8%b3%d9%84-%d8%a7%d9%84%d8%a8%d9%8a%d8%aa-%d8%a7%d9%84%d9%83%d8%a8%d9%8a%d8%b1-l-%d8%b9%d8%b2%d8%aa-%d9%82%d8%af%d8%b1-%d9%8a%d9%86%d8%b3%d9%89-%d8%b4%d9%87%d8%af-%d9%88%d8%b5_484c5fe6b.html,0,ramdan.video,مسلسل البيت الكبير l عزت قدر ينسى شهد.... وصارح زميلته انه بيحبها شوفوا عملت ايه ؟,0
593,http://www.gdedak.tv/series/episodes-online/5662-%D9%85%D8%B3%D9%84%D8%B3%D9%84-%D9%84%D8%B9%D9%86%D8%A9-%D9%83%D8%A7%D8%B1%D9%85%D8%A7-%D8%A7%D9%84%D8%AD%D9%84%D9%82%D8%A9-11/#playVideo,0,www.gdedak.tv,مسلسل لعنة كارما الحلقة 11 الحادية عشر كاملة,0
594,http://www.gdedak.tv/series/episodes-online/5664-%D9%85%D8%B3%D9%84%D8%B3%D9%84-%D9%84%D8%B9%D9%86%D8%A9-%D9%83%D8%A7%D8%B1%D9%85%D8%A7-%D8%A7%D9%84%D8%AD%D9%84%D9%82%D8%A9-12/#playVideo,0,www.gdedak.tv,مسلسل لعنة كارما الحلقة 12 الثانية عشر كاملة,0
595,http://www.gdedak.tv/series/episodes-online/5666-%D9%85%D8%B3%D9%84%D8%B3%D9%84-%D9%84%D8%B9%D9%86%D8%A9-%D9%83%D8%A7%D8%B1%D9%85%D8%A7-%D8%A7%D9%84%D8%AD%D9%84%D9%82%D8%A9-13/#playVideo,0,www.gdedak.tv,مسلسل لعنة كارما الحلقة 13 الثالثة عشر كاملة,0
596,http://www.gdedak.tv/series/episodes-online/5667-%D9%85%D8%B3%D9%84%D8%B3%D9%84-%D9%84%D8%B9%D9%86%D8%A9-%D9%83%D8%A7%D8%B1%D9%85%D8%A7-%D8%A7%D9%84%D8%AD%D9%84%D9%82%D8%A9-14/#playVideo,0,www.gdedak.tv,مسلسل لعنة كارما الحلقة 14 الرابعة عشر كاملة,0
597,http://www.gdedak.tv/series/episodes-online/5668-%D9%85%D8%B3%D9%84%D8%B3%D9%84-%D9%84%D8%B9%D9%86%D8%A9-%D9%83%D8%A7%D8%B1%D9%85%D8%A7-%D8%A7%D9%84%D8%AD%D9%84%D9%82%D8%A9-15/#playVideo,0,www.gdedak.tv,مسلسل لعنة كارما الحلقة 15 الخامسة عشر كاملة,0
598,http://www.gdedak.tv/series/episodes-online/5669-%D9%85%D8%B3%D9%84%D8%B3%D9%84-%D9%84%D8%B9%D9%86%D8%A9-%D9%83%D8%A7%D8%B1%D9%85%D8%A7-%D8%A7%D9%84%D8%AD%D9%84%D9%82%D8%A9-16/#playVideo,0,www.gdedak.tv,مسلسل لعنة كارما الحلقة 16 السادسة عشر كاملة,0
599,http://www.gdedak.tv/series/episodes-online/5612-%D9%85%D8%B3%D9%84%D8%B3%D9%84-%D8%A7%D8%A8%D9%88-%D8%B9%D9%85%D8%B1-%D8%A7%D9%84%D9%85%D8%B5%D8%B1%D9%8A-%D8%A7%D9%84%D8%AD%D9%84%D9%82%D8%A9-10/#playVideo,0,www.gdedak.tv,مسلسل ابو عمر المصري الحلقة 10 العاشرة كاملة,0
600,http://www.gdedak.tv/series/episodes-online/5613-%D9%85%D8%B3%D9%84%D8%B3%D9%84-%D8%A7%D8%A8%D9%88-%D8%B9%D9%85%D8%B1-%D8%A7%D9%84%D9%85%D8%B5%D8%B1%D9%8A-%D8%A7%D9%84%D8%AD%D9%84%D9%82%D8%A9-11/#playVideo,0,www.gdedak.tv,مسلسل ابو عمر المصري الحلقة 11 الحادية عشر كاملة,0
601,http://www.gdedak.tv/series/episodes-online/5615-%D9%85%D8%B3%D9%84%D8%B3%D9%84-%D8%A7%D8%A8%D9%88-%D8%B9%D9%85%D8%B1-%D8%A7%D9%84%D9%85%D8%B5%D8%B1%D9%8A-%D8%A7%D9%84%D8%AD%D9%84%D9%82%D8%A9-12/#playVideo,0,www.gdedak.tv,مسلسل ابو عمر المصري الحلقة 12 الثانية عشر كاملة,0
602,http://www.gdedak.tv/series/episodes-online/5619-%D9%85%D8%B3%D9%84%D8%B3%D9%84-%D8%A7%D8%A8%D9%88-%D8%B9%D9%85%D8%B1-%D8%A7%D9%84%D9%85%D8%B5%D8%B1%D9%8A-%D8%A7%D9%84%D8%AD%D9%84%D9%82%D8%A9-13/#playVideo,0,www.gdedak.tv,مسلسل ابو عمر المصري الحلقة 13 الثالثة عشر كاملة,0
603,http://www.gdedak.tv/series/episodes-online/5624-%D9%85%D8%B3%D9%84%D8%B3%D9%84-%D8%A7%D8%A8%D9%88-%D8%B9%D9%85%D8%B1-%D8%A7%D9%84%D9%85%D8%B5%D8%B1%D9%8A-%D8%A7%D9%84%D8%AD%D9%84%D9%82%D8%A9-14/#playVideo,0,www.gdedak.tv,مسلسل ابو عمر المصري الحلقة 14 الرابعة عشر كاملة,0
604,http://www.gdedak.tv/series/episodes-online/5625-%D9%85%D8%B3%D9%84%D8%B3%D9%84-%D8%A7%D8%A8%D9%88-%D8%B9%D9%85%D8%B1-%D8%A7%D9%84%D9%85%D8%B5%D8%B1%D9%8A-%D8%A7%D9%84%D8%AD%D9%84%D9%82%D8%A9-15/#playVideo,0,www.gdedak.tv,مسلسل ابو عمر المصري الحلقة 15 الخامسة عشر كاملة,0
605,http://urcima.com/%d9%85%d8%b3%d9%84%d8%b3%d9%84-%d8%b3%d9%83-%d8%b9%d9%84%d9%89-%d8%a7%d8%ae%d9%88%d8%a7%d8%aa%d9%83-%d8%a7%d9%84%d8%ad%d9%84%d9%82%d8%a9-16-%d8%a7%d9%84%d8%b3%d8%a7%d8%af%d8%b3%d8%a9-%d8%b9%d8%b4/,0,urcima.com,مسلسل سك على اخواتك الحلقة 16 السادسة عشر,0
607,http://www.ankawa.com/forum/index.php?topic=878916.0,0,www.ankawa.com,تحذير!,0
608,https://cera.video/mosalsal-raheem-alhalqa-episode-11-shahid-net-watch-arabic-moshahda-download-tahmel-mbc-drama-al-nahar-cbc-video.html,0,cera.video,"
الرئيسية »  مسلسل رحيم جميع الحلقات »  يي حلقات مسلسلات رمضان 2018 اليومية »  مشاهدة مسلسل رحيم الحلقة 11",1
613,https://www.kelmeten.com/video/watch?vid=8874a96db,0,www.kelmeten.com,هوس مايا الحلقة 107 مدبلجة للعربية يوتيوب,0
614,http://mosalsalaty.website/index.php,0,mosalsalaty.website,Cant scrape,0
616,https://www.kolo.video/watch.php?vid=5e35a67bf,0,www.kolo.video,مشاهدة مسلسل طريق الحلقة 15 الخامسة عشر اون لاين,0
617,https://www.kolo.video/watch.php?vid=c55b056d0,0,www.kolo.video,مشاهدة مسلسل ومشيت الحلقة 17 السابعة عشر اون لاين,0
618,https://www.4helal.tv/video/7991/watch.html,0,www.4helal.tv,"
مسلسل صاحب السعادة الحلقة 11

",0
619,https://www.4helal.tv/video/15791/watch.html,0,www.4helal.tv,"
مسلسل وعد الحلقة 6 السادسة

",0
620,http://cimaclub.com/?page=601/,0,cimaclub.com,Cant scrape,0
621,https://xn--ogbwbr6be.net/series/%d9%85%d8%b3%d9%84%d8%b3%d9%84-%d9%82%d9%8a%d8%a7%d9%85%d8%a9-%d8%a7%d8%b1%d8%b7%d8%ba%d8%b1%d9%84/,0,xn--ogbwbr6be.net,Cant scrape,0
623,http://tv.alarab.com/v95859-_%D8%AD%D9%84%D9%82%D8%A9_14_%D8%B7%D8%A7%D9%8A%D8%B9_HD_%D8%B1%D9%85%D8%B6%D8%A7%D9%86_142018,0,tv.alarab.com,"
حلقة 14 طايع HD رمضان 2018",0
624,https://cera.video/mosalsal-al-asouf-alhalqa-episode-14-shahid-net-watch-arabic-moshahda-download-tahmel-mbc-drama-al-nahar-cbc-video.html,0,cera.video,"
الرئيسية »  مسلسل العاصوف جميع الحلقات »  يي حلقات مسلسلات رمضان 2018 اليومية »  مشاهدة مسلسل العاصوف الحلقة 14",0
626,https://www.kolo.video/watch.php?vid=f1b398636,0,www.kolo.video,برنامج الصدمة الموسم الثالث الحلقة 14 اون لاين,0
630,https://cera.video/mosalsal-sok-ala-ekhwatak-alhalqa-episode-15-shahid-net-watch-arabic-moshahda-download-tahmel-mbc-drama-al-nahar-cbc-video.html,0,cera.video,"
الرئيسية »  مسلسل سك على اخواتك جميع الحلقات »  يي حلقات مسلسلات رمضان 2018 اليومية »  مشاهدة مسلسل سك على اخواتك الحلقة 15",0
632,https://www.kolo.video/watch.php?vid=4ccdd51e7,0,www.kolo.video,مشاهدة مسلسل هارون الرشيد الحلقة 15 الخامسة عشر اون لاين,0
633,https://www.rotana.video/randomizer.php,0,www.rotana.video,أنمى Gintama 2017 جينتاما الحلقة 319 مترجمة HD اون لاين,0
634,https://www.taslyia.me/video/aca7bf828,0,www.taslyia.me,"
Featured
مشاهدة مسلسل اشرح ايها البحر الاسود الحلقة 15 الخامسه عشر مترجمه بالعربيه HD
",0
638,http://mosalsalaty.website/watch.php?vid=90341b8ee,0,mosalsalaty.website,مسلسل Patrick Melrose الموسم الاول الحلقة 4 اون لاين,0
640,http://shahidline.com/episodes/cukur-15/,0,shahidline.com, مسلسل الحفرة الحلقة 15 مترجم,0
644,http://www.ankawa.com/forum/index.php?topic=878644.0,0,www.ankawa.com,تحذير!,0
645,https://cera.video/mosalsal-30-layla-we-layla-alhalqa-episode-17-shahid-net-watch-arabic-moshahda-download-tahmel-mbc-drama-al-nahar-cbc-video.html,0,cera.video,"
الرئيسية »  مسلسل 30 ليلة وليلة جميع الحلقات »  يي حلقات مسلسلات رمضان 2018 اليومية »  مشاهدة مسلسل 30 ليلة وليلة الحلقة 17",0
646,https://www.elrdar.com/video/watch.php?vid=b6c4b6e35,0,www.elrdar.com,سيما فور يو حلقة 17 من الواق واق كاملة وحصرية سيما كلوب,0
647,https://www.kolo.video/watch.php?vid=c55b056d0,0,www.kolo.video,مشاهدة مسلسل ومشيت الحلقة 17 السابعة عشر اون لاين,0
652,http://shahidline.com/episodes/dirilis-ertugrul-17/,0,shahidline.com, مسلسل قيامة ارطغرل الحلقة 17 مترجم,0
653,http://www.nsaem.net/video/watch.php?vid=ffc5a51a1,0,www.nsaem.net,مسلسل الحفرة الحلقة 17 السابعة عشر كاملة اون لاين,0
654,https://www.rotana.video/watch.php?vid=8fe87cd70,0,www.rotana.video,مشاهدة مسلسل حريم أبوى الحلقة 17 السابعة عشر HD اون لاين,0
656,http://tv.alarab.com/v58469-_%d8%b4%d8%a7%d9%87%d8%af_%d9%85%d8%b3%d9%84%d8%b3%d9%84_%d9%81%d8%aa%d8%aa_%d9%84%d8%b9%d8%a8%d8%aa_%d8%b3%d9%88%d8%b1%d9%8a_1720132013,0,tv.alarab.com,"
شاهد مسلسل فتت لعبت سوري كامل 2013 مشاهدة مباشرة اون لاين بجودة عالية رمضان 2013 على العرب بدون تحميل",0
657,http://shahid4u.tv/page/5,0,shahid4u.tv,Cant scrape,0
658,https://cera.video/mosalsal-ayoub-alhalqa-episode-16-shahid-net-watch-arabic-moshahda-download-tahmel-mbc-drama-al-nahar-cbc-video.html,0,cera.video,"
الرئيسية »  مسلسل ايوب جميع الحلقات »  يي حلقات مسلسلات رمضان 2018 اليومية »  مشاهدة مسلسل ايوب الحلقة 16",0
665,http://www.ankawa.com/forum/index.php?topic=878290.0,0,www.ankawa.com,تحذير!,0
667,http://mosalsalaty.website/watch.php?vid=d4f3a7dcc,0,mosalsalaty.website,مسلسل لعنة كارما الحلقة 15 الخامسة عشر اون لاين,0
669,https://www.kolo.video/watch.php?vid=055bf54f4,0,www.kolo.video,مشاهدة مسلسل تانغو الحلقة 18 الثامنة عشر اون لاين,0
670,https://urcima.com/%d9%85%d8%b3%d9%84%d8%b3%d9%84-%d9%86%d8%b3%d8%b1-%d8%a7%d9%84%d8%b5%d8%b9%d9%8a%d8%af-%d8%a7%d9%84%d8%ad%d9%84%d9%82%d8%a9-17-%d8%a7%d9%84%d8%b3%d8%a7%d8%a8%d8%b9%d8%a9-%d8%b9%d8%b4%d8%b1/,0,urcima.com,مسلسل نسر الصعيد الحلقة 17 السابعة عشر,0
671,https://ramdan.video/%d9%85%d8%b3%d9%84%d8%b3%d9%84-%d8%a7%d9%84%d8%a8%d9%8a%d8%aa-%d8%a7%d9%84%d9%83%d8%a8%d9%8a%d8%b1-l-%d9%83%d8%b1%d9%8a%d9%85%d8%a9-%d8%a8%d8%af%d8%a7%d8%aa-%d8%b4%d8%ae%d8%b5%d9%8a%d8%aa%d9%87%d8%a7_16f866f21.html,0,ramdan.video,مسلسل البيت الكبير l كريمة بدات شخصيتها تتغير حتى مع عزت ... شوفوا عملت ايه,0
672,https://ramdan.video/%d9%85%d8%b3%d9%84%d8%b3%d9%84-%d8%a7%d9%84%d8%a8%d9%8a%d8%aa-%d8%a7%d9%84%d9%83%d8%a8%d9%8a%d8%b1-l-%d8%ac%d8%a8%d8%b1%d9%8a%d8%a9-%d8%b9%d8%b1%d9%81%d8%aa-%d8%b3%d8%b1-%d9%85%d8%b1%d9%88%d8%a7%d9%86_2ef8e6480.html,0,ramdan.video,مسلسل البيت الكبير l جبرية عرفت سر مروان وفريدة  ...  شوفوا عملت ايه,0
673,https://ramdan.video/%d8%ad%d8%b3%d9%86-%d8%ad%d8%b3%d9%86%d9%8a-%d8%b9%d8%b1%d9%81-%d9%82%d8%b5%d8%a9-%d8%ae%d8%b7%d9%81-%d8%a8%d8%b3%d9%85%d8%a9-%d9%8a%d8%a7%d8%aa%d8%b1%d9%89-%d9%87%d9%8a%d8%b9%d9%85%d9%84-%d8%a7_b4e61b5b8.html,0,ramdan.video,حسن حسني عرف قصة خطف بسمة ... ياترى هيعمل ايه في هشام!؟ - رحيم,1
674,https://ramdan.video/%d9%85%d9%87%d8%ac%d8%a9-%d8%ad%d8%a7%d9%85%d9%84-%d9%81%d9%8a-%d8%a7%d9%84%d8%b4%d9%87%d8%b1-%d8%a7%d9%84%d8%aa%d8%a7%d9%86%d9%8a-%d9%8a%d8%a7%d8%aa%d8%b1%d9%8a-%d8%a7%d9%84%d8%b1%d9%8a%d8%b3_0492175eb.html,0,ramdan.video,"مهجة حامل في الشهر التاني "" ياتري الريس حربي هيعرف ؟ "" - طايع - عمرو يوسف",0
675,https://ramdan.video/%d8%a7%d9%84%d8%b4%d8%a7%d8%b1%d8%b9-%d8%a7%d9%84%d9%84%d9%8a-%d9%88%d8%b1%d8%a7%d9%86%d8%a7-%d9%8a%d8%a7%d8%aa%d8%b1%d9%89-%d8%b3%d8%a7%d9%85%d8%ad-%d9%87%d9%8a%d9%82%d8%af%d8%b1-%d9%8a%d9%88%d8%b5_44e7778f9.html,0,ramdan.video,الشارع اللي ورانا| ياترى سامح هيقدر يوصل لحقيقة سها؟,0
676,https://ramdan.video/%d8%a7%d9%84%d8%b4%d8%a7%d8%b1%d8%b9-%d8%a7%d9%84%d9%84%d9%8a-%d9%88%d8%b1%d8%a7%d9%86%d8%a7-%d9%88%d8%b3%d8%b7-%d8%a7%d9%84%d8%ba%d9%85%d9%88%d8%b6-%d9%88%d8%a7%d9%84%d8%a3%d8%ad%d8%af%d8%a7%d8%ab_2d14c2f51.html,0,ramdan.video,الشارع اللي ورانا| وسط الغموض والأحداث الغريبة.. بنات البيت القديم بيحاولوا يغيروا ده!,0
677,https://ramdan.video/%d9%84%d9%88-%d8%b1%d8%a3%d9%8a%d9%86%d8%a7%d9%87-30-05-2018%d8%a8%d8%b1%d9%86%d8%a7%d9%85%d8%ac-%d9%84%d9%88-%d8%b1%d8%a3%d9%8a%d9%86%d8%a7%d9%87-%d9%85%d8%b9-%d8%a7%d9%84%d8%af%d8%a7%d8%b9%d9%8a_a4e787a81.html,0,ramdan.video,لو رأيناه 30-05-2018برنامج لو رأيناه مع الداعية الإسلامي أحمد الطلحي يتناول السيرة العطرة لسيد الخلق,0
678,http://www.gdedak.tv/series/episodes-online/5801-%D9%85%D8%B3%D9%84%D8%B3%D9%84-%D8%B6%D8%AF-%D9%85%D8%AC%D9%87%D9%88%D9%84-%D8%A7%D9%84%D8%AD%D9%84%D9%82%D8%A9-16/#playVideo,0,www.gdedak.tv,مسلسل ضد مجهول الحلقة 16 السادسة عشر كاملة,0
679,http://www.gdedak.tv/series/episodes-online/5851-%D9%85%D8%B3%D9%84%D8%B3%D9%84-%D8%B6%D8%AF-%D9%85%D8%AC%D9%87%D9%88%D9%84-%D8%A7%D9%84%D8%AD%D9%84%D9%82%D8%A9-17/#playVideo,0,www.gdedak.tv,مسلسل ضد مجهول الحلقة 17 السابعة عشر كاملة,0
680,http://www.gdedak.tv/series/episodes-online/5800-%D9%85%D8%B3%D9%84%D8%B3%D9%84-%D9%84%D9%8A%D8%A7%D9%84%D9%8A-%D8%A7%D9%88%D8%AC%D9%8A%D9%86%D9%8A-%D8%A7%D9%84%D8%AD%D9%84%D9%82%D8%A9-16/#playVideo,0,www.gdedak.tv,مسلسل ليالي اوجيني الحلقة 16 السادسة عشر كاملة,0
681,http://www.gdedak.tv/series/episodes-online/5847-%D9%85%D8%B3%D9%84%D8%B3%D9%84-%D9%84%D9%8A%D8%A7%D9%84%D9%8A-%D8%A7%D9%88%D8%AC%D9%8A%D9%86%D9%8A-%D8%A7%D9%84%D8%AD%D9%84%D9%82%D8%A9-17/#playVideo,0,www.gdedak.tv,مسلسل ليالي اوجيني الحلقة 17 السابعة عشر كاملة,0
682,http://www.gdedak.tv/series/episodes-online/5810-%D9%85%D8%B3%D9%84%D8%B3%D9%84-%D9%84%D8%B9%D9%86%D8%A9-%D9%83%D8%A7%D8%B1%D9%85%D8%A7-%D8%A7%D9%84%D8%AD%D9%84%D9%82%D8%A9-17/#playVideo,0,www.gdedak.tv,مسلسل لعنة كارما الحلقة 17 السابعة عشر كاملة,0
683,http://www.gdedak.tv/series/episodes-online/5858-%D9%85%D8%B3%D9%84%D8%B3%D9%84-%D9%84%D8%B9%D9%86%D8%A9-%D9%83%D8%A7%D8%B1%D9%85%D8%A7-%D8%A7%D9%84%D8%AD%D9%84%D9%82%D8%A9-18/#playVideo,0,www.gdedak.tv,مسلسل لعنة كارما الحلقة 18 الثامنة عشر كاملة,0
684,http://www.gdedak.tv/series/episodes-online/5803-%D9%85%D8%B3%D9%84%D8%B3%D9%84-%D8%A7%D8%A8%D9%88-%D8%B9%D9%85%D8%B1-%D8%A7%D9%84%D9%85%D8%B5%D8%B1%D9%8A-%D8%A7%D9%84%D8%AD%D9%84%D9%82%D8%A9-16/#playVideo,0,www.gdedak.tv,مسلسل ابو عمر المصري الحلقة 16 السادسة عشر كاملة,0
685,http://www.gdedak.tv/series/episodes-online/5848-%D9%85%D8%B3%D9%84%D8%B3%D9%84-%D8%A7%D8%A8%D9%88-%D8%B9%D9%85%D8%B1-%D8%A7%D9%84%D9%85%D8%B5%D8%B1%D9%8A-%D8%A7%D9%84%D8%AD%D9%84%D9%82%D8%A9-17/#playVideo,0,www.gdedak.tv,مسلسل ابو عمر المصري الحلقة 17 السابعة عشر كاملة,0
686,http://urcima.com/%d9%85%d8%b3%d9%84%d8%b3%d9%84-%d8%ae%d8%b0%d9%8a%d8%aa-%d9%85%d9%86-%d8%b9%d9%85%d8%b1%d9%8a-%d9%88%d8%b9%d8%b7%d9%8a%d8%aa-%d8%a7%d9%84%d8%ad%d9%84%d9%82%d8%a9-17-%d8%a7%d9%84%d8%b3%d8%a7%d8%a8/,0,urcima.com,مسلسل خذيت من عمري وعطيت الحلقة 17 السابعة عشر,0
690,https://www.rotana.video/category.php?cat=ramadan-series,0,www.rotana.video,Cant scrape,0
691,https://www.kolo.video/watch.php?vid=9fd6bef19,0,www.kolo.video,مشاهدة مسلسل أنت وطني الموسم الثاني الحلقة 30 مترجمة اون لاين,0
692,https://www.kolo.video/watch.php?vid=19a1e765c,0,www.kolo.video,مشاهدة مسلسل أنت وطني الموسم الثاني الحلقة 29 مترجمة اون لاين,0
695,http://www.ankawa.com/forum/index.php?topic=880047.0,0,www.ankawa.com,تحذير!,0
696,https://cera.video/mosalsal-sok-ala-ekhwatak-alhalqa-episode-20-shahid-net-watch-arabic-moshahda-download-tahmel-mbc-drama-al-nahar-cbc-video.html,0,cera.video,"
الرئيسية »  مسلسل سك على اخواتك جميع الحلقات »  يي حلقات مسلسلات رمضان 2018 اليومية »  مشاهدة مسلسل سك على اخواتك الحلقة 20",0
697,https://www.kolo.video/watch.php?vid=3bd466a71,0,www.kolo.video,مشاهدة مسلسل ومشيت الحلقة 20 العشرون اون لاين,0
699,http://www.bshwat.com/video/watch.php?vid=6b6ab5dfb,0,www.bshwat.com,مسلسل رحيم الحلقة 19 التاسعة عشر,1
700,https://cera.video/mosalsal-sok-ala-ekhwatak-alhalqa-episode-19-shahid-net-watch-arabic-moshahda-download-tahmel-mbc-drama-al-nahar-cbc-video.html,0,cera.video,"
الرئيسية »  مسلسل سك على اخواتك جميع الحلقات »  يي حلقات مسلسلات رمضان 2018 اليومية »  مشاهدة مسلسل سك على اخواتك الحلقة 19",0
701,https://www.kolo.video/watch.php?vid=16b72c697,0,www.kolo.video,مشاهدة مسلسل ومشيت الحلقة 19 التاسعة عشر اون لاين,0
703,https://cera.video/mosalsal-light-hand-alhalqa-episode-21-shahid-net-watch-arabic-moshahda-download-tahmel-mbc-drama-al-nahar-cbc-video.html,0,cera.video,"
الرئيسية »  مسلسل خفة يد جميع الحلقات »  يي حلقات مسلسلات رمضان 2018 اليومية »  مشاهدة مسلسل خفة يد الحلقة 21",0
704,http://cimaclub.com/%D9%85%D8%B3%D9%84%D8%B3%D9%84-%D8%B9%D8%B2%D9%88%D8%AA%D9%8A-%D8%A7%D9%84%D8%AD%D9%84%D9%82%D8%A9-21-%D8%A7%D9%84%D8%AD%D8%A7%D8%AF%D9%8A%D8%A9-%D9%88%D8%A7%D9%84%D8%B9%D8%B4%D8%B1%D9%88%D9%86/,0,cimaclub.com,مسلسل عزوتي الحلقة 21 الحادية والعشرون,0
708,http://elshra.online/watch.php?vid=2de8653b8,0,elshra.online,مسلسل ايوب الحلقة 21 الواحد والعشرون,0
711,https://www.kolo.video/watch.php?vid=f7712a4e0,0,www.kolo.video,مشاهدة مسلسل ومشيت الحلقة 21 الحادية وعشرون اون لاين,0
712,http://cimaclub.com/%d9%85%d8%b3%d9%84%d8%b3%d9%84-%d8%a3%d9%86%d8%a7-%d8%b4%d9%87%d9%8a%d8%b1%d8%a9-%d9%88%d8%a3%d9%86%d8%a7-%d8%a7%d9%84%d8%ae%d8%a7%d8%a6%d9%86-%d8%a7%d9%84%d8%ad%d9%84%d9%82%d8%a9-21-%d8%a7%d9%84/,0,cimaclub.com,مسلسل أنا شهيرة وأنا الخائن الحلقة 21 الحادية والعشرون,0
713,http://shahidline.com/episodes/iinaa-shahirat-wa-iinaa-alkhayin-21/,0,shahidline.com, مسلسل انا شهيرة وانا الخائن الحلقة 21 كامل,0
714,http://shahidline.com/episodes/bizim-hikaye-21/,0,shahidline.com, مسلسل حكايتنا الحلقة 21 مترجم,0
715,http://cimaclub.com/%d9%85%d8%b3%d9%84%d8%b3%d9%84-%d9%83%d9%84%d8%a7%d9%85-%d8%a7%d8%b5%d9%81%d8%b1-%d8%a7%d9%84%d8%ad%d9%84%d9%82%d8%a9-21-%d8%a7%d9%84%d8%ad%d8%a7%d8%af%d9%8a%d8%a9-%d9%88%d8%a7%d9%84%d8%b9%d8%b4%d8%b1/,0,cimaclub.com,مسلسل كلام اصفر الحلقة 21 الحادية والعشرون,0
716,https://www.4helal.tv/video/series-Tayea-episode-21.html,0,www.4helal.tv,"
مسلسل طايع الحلقة 21

",0
719,https://www.taslyia.me/video/665cca960,0,www.taslyia.me,"
Featured
مسلسل نسر الصعيد الحلقة 21 الواحد والعشرون أونلاين HD
",0
720,https://www.taslyia.me/video/6bf5924fc,0,www.taslyia.me,"
Featured
مسلسل نسر الصعيد الحلقة 22 الثانية والعشرون أونلاين HD
",0
721,http://mosalsalaty.website/watch.php?vid=285a0bddb,0,mosalsalaty.website,مسلسل قيامة ارطغرل الحلقة 122 و الأخيرة ( مترجمة ) الموسم الرابع اون لاين,0
724,https://cera.video/mosalsal-selsal-el-dam-season-5-alhalqa-episode-21-shahid-net-watch-arabic-moshahda-download-tahmel-mbc-drama-al-nahar-cbc-video.html,0,cera.video,"
الرئيسية »  مسلسل سلسال الدم الجزء 5 جميع الحلقات »  يي حلقات مسلسلات رمضان 2018 اليومية »  مشاهدة مسلسل سلسال الدم الجزء 5 الحلقة 21",0
725,https://qissat.video/watch.php?vid=a252b0e46,0,qissat.video,مسلسل رحيم الحلقة 21 اون لاين,1
727,http://aflamonlinee.online/%d9%85%d8%b3%d9%84%d8%b3%d9%84-%d8%ad%d8%b1%d9%8a%d9%85-%d8%a7%d9%84%d8%b4%d8%a7%d9%88%d9%8a%d8%b4-%d8%a7%d9%84%d8%ad%d9%84%d9%82%d8%a9-3-%d8%a7%d9%84%d8%ab%d8%a7%d9%84%d8%ab%d8%a9/,0,aflamonlinee.online,مسلسل حريم الشاويش الحلقة 3 الثالثة,0
728,http://aflamonlinee.online/%d9%85%d8%b3%d9%84%d8%b3%d9%84-%d8%b9%d9%88%d8%a7%d9%84%d9%85-%d8%ae%d9%81%d9%8a%d8%a9-%d8%a7%d9%84%d8%ad%d9%84%d9%82%d8%a9-11-%d8%a7%d9%84%d8%ad%d8%a7%d8%af%d9%8a%d8%a9-%d8%b9%d8%b4%d8%b1/,0,aflamonlinee.online,مسلسل عوالم خفية الحلقة 11 الحادية عشر,0
729,http://aflamonlinee.online/%d9%85%d8%b3%d9%84%d8%b3%d9%84-%d8%aa%d8%a7%d9%86%d8%ba%d9%88-%d8%a7%d9%84%d8%ad%d9%84%d9%82%d8%a9-1-%d8%a7%d9%84%d8%a7%d9%88%d9%84%d9%89/,0,aflamonlinee.online,مسلسل تانغو الحلقة 1 الاولى,0
730,http://aflamonlinee.online/%d9%85%d8%b3%d9%84%d8%b3%d9%84-%d8%a3%d8%a8%d9%88-%d8%b9%d9%85%d8%b1-%d8%a7%d9%84%d9%85%d8%b5%d8%b1%d9%8a-%d8%a7%d9%84%d8%ad%d9%84%d9%82%d8%a9-13-%d8%a7%d9%84%d8%ab%d8%a7%d9%84%d8%ab%d8%a9-%d8%b9/,0,aflamonlinee.online,مسلسل أبو عمر المصري الحلقة 14 الرابعة عشر,0
731,http://aflamonlinee.online/%d9%85%d8%b3%d9%84%d8%b3%d9%84-%d8%aa%d8%a7%d9%86%d8%ba%d9%88-%d8%a7%d9%84%d8%ad%d9%84%d9%82%d8%a9-4-%d8%a7%d9%84%d8%b1%d8%a7%d8%a8%d8%b9%d8%a9/,0,aflamonlinee.online,مسلسل تانغو الحلقة 4 الرابعة,0
732,http://aflamonlinee.online/%d9%85%d8%b3%d9%84%d8%b3%d9%84-%d8%b9%d9%88%d8%b6-%d8%a7%d8%a8%d8%a7-%d8%b9%d9%86-%d8%ac%d8%af-%d8%a7%d9%84%d8%ad%d9%84%d9%82%d8%a9-6-%d8%a7%d9%84%d8%b3%d8%a7%d8%af%d8%b3%d8%a9/,0,aflamonlinee.online,مسلسل عوض ابا عن جد الحلقة 6 السادسة,0
733,http://aflamonlinee.online/%d9%85%d8%b3%d9%84%d8%b3%d9%84-%d8%a7%d9%84%d9%85%d9%87%d9%84%d8%a8-%d8%a7%d9%84%d8%ad%d9%84%d9%82%d8%a9-2-%d8%a7%d9%84%d8%ab%d8%a7%d9%86%d9%8a%d8%a9/,0,aflamonlinee.online,مسلسل المهلب الحلقة 2 الثانية,0
734,http://aflamonlinee.online/%d9%85%d8%b3%d9%84%d8%b3%d9%84-%d8%a7%d9%84%d9%88%d8%a7%d9%82-%d9%88%d8%a7%d9%82-%d8%a7%d9%84%d8%ad%d9%84%d9%82%d8%a9-9-%d8%a7%d9%84%d8%aa%d8%a7%d8%b3%d8%b9%d8%a9/,0,aflamonlinee.online,مسلسل الواق واق الحلقة 9 التاسعة,0
735,http://aflamonlinee.online/%d9%85%d8%b3%d9%84%d8%b3%d9%84-%d9%88%d9%85%d8%b4%d9%8a%d8%aa-%d8%a7%d9%84%d8%ad%d9%84%d9%82%d8%a9-3-%d8%a7%d9%84%d8%ab%d8%a7%d9%84%d8%ab%d8%a9/,0,aflamonlinee.online,مسلسل ومشيت الحلقة 3 الثالثة,0
736,http://aflamonlinee.online/%d9%85%d8%b3%d9%84%d8%b3%d9%84-%d9%83%d9%84%d8%a8%d8%b4-%d8%a7%d9%84%d8%ac%d8%b2%d8%a1-%d8%a7%d9%84%d8%ab%d8%a7%d9%86%d9%8a-%d8%a7%d9%84%d8%ad%d9%84%d9%82%d8%a9-12-%d8%a7%d9%84%d8%ab%d8%a7%d9%86-2/,0,aflamonlinee.online,مسلسل كلبش الجزء الثاني الحلقة 12 الثانية عشر,0
737,http://aflamonlinee.online/%d9%85%d8%b3%d9%84%d8%b3%d9%84-%d8%ad%d8%af%d9%88%d8%aa%d8%a9-%d8%ad%d8%a8-%d8%a7%d9%84%d8%ad%d9%84%d9%82%d8%a9-3-%d8%a7%d9%84%d8%ab%d8%a7%d9%84%d8%ab%d8%a9/,0,aflamonlinee.online,مسلسل حدوتة حب الحلقة 3 الثالثة,0
738,http://aflamonlinee.online/%d9%85%d9%85%d9%86%d9%88%d8%b9-%d8%a7%d9%84%d8%a7%d9%82%d8%aa%d8%b1%d8%a7%d8%a8-%d8%a3%d9%88-%d8%a7%d9%84%d8%aa%d8%b5%d9%88%d9%8a%d8%b1-%d8%a7%d9%84%d8%ad%d9%84%d9%82%d8%a9-6/,0,aflamonlinee.online,مسلسل ممنوع الاقتراب أو التصوير الحلقة 6 السادسة,0
739,http://aflamonlinee.online/%d9%85%d8%b3%d9%84%d8%b3%d9%84-%d9%84%d8%b9%d9%86%d8%a9-%d9%83%d8%a7%d8%b1%d9%85%d8%a7-%d8%a7%d9%84%d8%ad%d9%84%d9%82%d8%a9-6-%d8%a7%d9%84%d8%b3%d8%a7%d8%af%d8%b3%d8%a9/,0,aflamonlinee.online,مسلسل لعنة كارما الحلقة 6 السادسة,0
740,http://aflamonlinee.online/%d9%85%d8%b3%d9%84%d8%b3%d9%84-%d8%a7%d9%84%d9%83%d8%a7%d8%a8%d8%aa%d9%86-%d8%b9%d8%b2%d9%88%d8%b2-%d8%a7%d9%84%d8%ad%d9%84%d9%82%d8%a9-1-%d8%a7%d9%84%d8%a7%d9%88%d9%84%d9%8a/,0,aflamonlinee.online,مسلسل الكابتن عزوز الحلقة 1 الاولي,0
741,http://aflamonlinee.online/%d9%85%d8%b3%d9%84%d8%b3%d9%84-%d9%81%d9%88%d9%82-%d8%a7%d9%84%d8%b3%d8%ad%d8%a7%d8%a8-%d8%a7%d9%84%d8%ad%d9%84%d9%82%d8%a9-6-%d8%a7%d9%84%d8%b3%d8%a7%d8%af%d8%b3%d8%a9/,0,aflamonlinee.online,مسلسل فوق السحاب الحلقة 6 السادسة,0
742,http://aflamonlinee.online/%d9%85%d8%b3%d9%84%d8%b3%d9%84-%d8%a7%d9%84%d9%83%d8%a7%d8%a8%d8%aa%d9%86-%d8%b9%d8%b2%d9%88%d8%b2-%d8%a7%d9%84%d8%ad%d9%84%d9%82%d8%a9-12-%d8%a7%d9%84%d8%ab%d8%a7%d9%86%d9%8a%d8%a9-%d8%b9%d8%b4%d8%b1/,0,aflamonlinee.online,مسلسل الكابتن عزوز الحلقة 12 الثانية عشر,0
743,http://aflamonlinee.online/%d9%85%d8%b3%d9%84%d8%b3%d9%84-%d8%a7%d9%84%d9%85%d9%88%d8%a7%d8%ac%d9%87%d8%a9-%d8%a7%d9%84%d8%ad%d9%84%d9%82%d8%a9-12-%d8%a7%d9%84%d8%ab%d8%a7%d9%86%d9%8a%d8%a9-%d8%b9%d8%b4%d8%b1/,0,aflamonlinee.online,مسلسل المواجهة الحلقة 12 الثانية عشر,0
744,http://aflamonlinee.online/%d9%85%d8%b3%d9%84%d8%b3%d9%84-%d9%88%d9%85%d8%b4%d9%8a%d8%aa-%d8%a7%d9%84%d8%ad%d9%84%d9%82%d8%a9-2-%d8%a7%d9%84%d8%ab%d8%a7%d9%86%d9%8a%d8%a9/,0,aflamonlinee.online,مسلسل ومشيت الحلقة 2 الثانية,0
745,http://aflamonlinee.online/%d9%85%d8%b3%d9%84%d8%b3%d9%84-%d8%ac%d9%88%d9%84%d9%8a%d8%a7-%d8%a7%d9%84%d8%ad%d9%84%d9%82%d8%a9-9-%d8%a7%d9%84%d8%aa%d8%a7%d8%b3%d8%b9%d8%a9/,0,aflamonlinee.online,مسلسل جوليا الحلقة 9 التاسعة,0
746,http://aflamonlinee.online/%d9%85%d8%b3%d9%84%d8%b3%d9%84-%d8%a7%d9%84%d9%88%d8%b5%d9%8a%d8%a9-%d8%a7%d9%84%d8%ad%d9%84%d9%82%d8%a9-4-%d8%a7%d9%84%d8%b1%d8%a7%d8%a8%d8%b9%d8%a9/,0,aflamonlinee.online,مسلسل الوصية الحلقة 4 الرابعة,0
747,http://aflamonlinee.online/%d9%85%d8%b3%d9%84%d8%b3%d9%84-%d8%a7%d9%84%d9%85%d9%87%d9%84%d8%a8-%d8%a7%d9%84%d8%ad%d9%84%d9%82%d8%a9-10-%d8%a7%d9%84%d8%b9%d8%a7%d8%b4%d8%b1%d8%a9/,0,aflamonlinee.online,مسلسل المهلب الحلقة 10 العاشرة,0
748,http://aflamonlinee.online/%d9%85%d8%b3%d9%84%d8%b3%d9%84-%d8%b6%d8%af-%d9%85%d8%ac%d9%87%d9%88%d9%84-%d8%a7%d9%84%d8%ad%d9%84%d9%82%d8%a9-12-%d8%a7%d9%84%d8%ab%d8%a7%d9%86%d9%8a%d8%a9-%d8%b9%d8%b4%d8%b1/,0,aflamonlinee.online,مسلسل ضد مجهول الحلقة 12 الثانية عشر,0
749,http://aflamonlinee.online/%d9%85%d8%b3%d9%84%d8%b3%d9%84-%d9%87%d8%a7%d8%b1%d9%88%d9%86-%d8%a7%d9%84%d8%b1%d8%b4%d9%8a%d8%af-%d8%a7%d9%84%d8%ad%d9%84%d9%82%d8%a9-7-%d8%a7%d9%84%d8%b3%d8%a7%d8%a8%d8%b9%d8%a9/,0,aflamonlinee.online,مسلسل هارون الرشيد الحلقة 7 السابعة,0
750,http://aflamonlinee.online/%d9%85%d8%b3%d9%84%d8%b3%d9%84-%d8%b1%d9%88%d8%b2%d9%86%d8%a7-%d8%a7%d9%84%d8%ad%d9%84%d9%82%d8%a9-2-%d8%a7%d9%84%d8%ab%d8%a7%d9%86%d9%8a%d8%a9/,0,aflamonlinee.online,مسلسل روزنا الحلقة 2 الثانية,0
751,http://aflamonlinee.online/%d9%85%d8%b3%d8%b1%d8%ad-%d9%85%d8%b5%d8%b1-%d9%81%d9%8a-%d8%b1%d9%85%d8%b6%d8%a7%d9%86-%d8%a7%d9%84%d8%ad%d9%84%d9%82%d8%a9-7-%d8%a7%d9%84%d8%b3%d8%a7%d8%a8%d8%b9%d8%a9-%d9%85%d8%b3%d8%b1%d8%ad%d9%8a/,0,aflamonlinee.online,مسرح مصر في رمضان الحلقة 7 السابعة مسرحية ال كابوني,0
752,http://aflamonlinee.online/%d9%85%d8%b3%d9%84%d8%b3%d9%84-%d9%88%d9%87%d9%85-%d8%a7%d9%84%d8%ad%d9%84%d9%82%d8%a9-1-%d8%a7%d9%84%d8%a7%d9%88%d9%84%d9%8a/,0,aflamonlinee.online,مسلسل وهم الحلقة 1 الاولي,0
753,http://aflamonlinee.online/%d9%85%d8%b3%d9%84%d8%b3%d9%84-%d9%84%d8%b9%d9%86%d8%a9-%d9%83%d8%a7%d8%b1%d9%85%d8%a7-%d8%a7%d9%84%d8%ad%d9%84%d9%82%d8%a9-10-%d8%a7%d9%84%d8%b9%d8%a7%d8%b4%d8%b1%d8%a9/,0,aflamonlinee.online,مسلسل لعنة كارما الحلقة 10 العاشرة,0
754,http://aflamonlinee.online/%d8%ae%d8%b0%d9%8a%d8%aa-%d9%85%d9%86-%d8%b9%d9%85%d8%b1%d9%8a-%d9%88%d8%b9%d8%b7%d9%8a%d8%aa-%d8%a7%d9%84%d8%ad%d9%84%d9%82%d8%a9-2-%d8%a7%d9%84%d8%ab%d8%a7%d9%86%d9%8a%d8%a9/,0,aflamonlinee.online,مسلسل خذيت من عمري وعطيت الحلقة 2 الثانية,0
755,http://aflamonlinee.online/%d9%85%d8%b3%d9%84%d8%b3%d9%84-%d8%ac%d9%88%d9%84%d9%8a%d8%a7-%d8%a7%d9%84%d8%ad%d9%84%d9%82%d8%a9-10-%d8%a7%d9%84%d8%b9%d8%a7%d8%b4%d8%b1%d8%a9/,0,aflamonlinee.online,مسلسل جوليا الحلقة 10 العاشرة,0
756,http://aflamonlinee.online/%d9%85%d8%b3%d9%84%d8%b3%d9%84-%d8%a7%d9%85%d8%b1-%d9%88%d8%a7%d9%82%d8%b9-%d8%a7%d9%84%d8%ad%d9%84%d9%82%d8%a9-12-%d8%a7%d9%84%d8%ab%d8%a7%d9%86%d9%8a%d8%a9-%d8%b9%d8%b4%d8%b1/,0,aflamonlinee.online,مسلسل امر واقع الحلقة 12 الثانية عشر,0
757,http://aflamonlinee.online/%d9%85%d8%b3%d9%84%d8%b3%d9%84-%d8%a7%d9%84%d8%b9%d8%a7%d8%b5%d9%88%d9%81-%d8%a7%d9%84%d8%ad%d9%84%d9%82%d8%a9-13-%d8%a7%d9%84%d8%ab%d8%a7%d9%84%d8%ab%d8%a9-%d8%b9%d8%b4%d8%b1/,0,aflamonlinee.online,مسلسل العاصوف الحلقة 13 الثالثة عشر,0
758,http://aflamonlinee.online/%d9%85%d8%b3%d9%84%d8%b3%d9%84-%d9%86%d9%88%d9%81-%d8%ad%d9%84%d9%82%d8%a9-2-%d8%a7%d9%84%d8%ab%d8%a7%d9%86%d9%8a%d8%a9/,0,aflamonlinee.online,مسلسل نوف حلقة 2 الثانية,0
759,http://aflamonlinee.online/%d9%85%d8%b3%d9%84%d8%b3%d9%84-%d8%ac%d9%88%d9%84%d9%8a%d8%a7-%d8%a7%d9%84%d8%ad%d9%84%d9%82%d8%a9-14/,0,aflamonlinee.online,مسلسل جوليا الحلقة 14 الرابعة عشر,0
760,http://aflamonlinee.online/%d9%85%d8%b3%d9%84%d8%b3%d9%84-%d8%a7%d9%84%d8%b9%d8%a7%d8%b5%d9%88%d9%81-%d8%a7%d9%84%d8%ad%d9%84%d9%82%d8%a9-11-%d8%a7%d9%84%d8%ad%d8%a7%d8%af%d9%8a%d8%a9-%d8%b9%d8%b4%d8%b1/,0,aflamonlinee.online,مسلسل العاصوف الحلقة 11 الحادية عشر,0
761,http://aflamonlinee.online/%d9%85%d8%b3%d9%84%d8%b3%d9%84-%d8%a7%d9%84%d9%85%d9%88%d8%a7%d8%ac%d9%87%d8%a9-%d8%a7%d9%84%d8%ad%d9%84%d9%82%d8%a9-7-%d8%a7%d9%84%d8%b3%d8%a7%d8%a8%d8%b9%d8%a9/,0,aflamonlinee.online,مسلسل المواجهة الحلقة 7 السابعة,0
762,http://aflamonlinee.online/%d8%a8%d8%b1%d9%86%d8%a7%d9%85%d8%ac-%d9%85%d8%b3%d8%b1%d8%ad-%d9%85%d8%b5%d8%b1-%d9%81%d9%8a-%d8%b1%d9%85%d8%b6%d8%a7%d9%86-%d8%a7%d9%84%d8%ad%d9%84%d9%82%d8%a9-1-%d8%a7%d9%84%d8%a7%d9%88%d9%84%d9%8a/,0,aflamonlinee.online,برنامج مسرح مصر في رمضان الحلقة 1 الاولي (مسرحية الخاتم),0
763,http://aflamonlinee.online/%d9%85%d8%b3%d9%84%d8%b3%d9%84-%d8%a7%d9%84%d9%85%d9%88%d8%a7%d8%ac%d9%87%d8%a9-%d8%a7%d9%84%d8%ad%d9%84%d9%82%d8%a9-2-%d8%a7%d9%84%d8%ab%d8%a7%d9%86%d9%8a%d8%a9/,0,aflamonlinee.online,مسلسل المواجهة الحلقة 2 الثانية,0
764,http://aflamonlinee.online/%d9%85%d8%b3%d9%84%d8%b3%d9%84-%d8%ad%d8%b1%d9%8a%d9%85-%d8%a7%d9%84%d8%b4%d8%a7%d9%88%d9%8a%d8%b4-%d8%a7%d9%84%d8%ad%d9%84%d9%82%d8%a9-4-%d8%a7%d9%84%d8%b1%d8%a7%d8%a8%d8%b9%d8%a9/,0,aflamonlinee.online,مسلسل حريم الشاويش الحلقة 4 الرابعة,0
765,http://aflamonlinee.online/%d9%85%d8%b3%d9%84%d8%b3%d9%84-%d9%86%d8%b3%d8%b1-%d8%a7%d9%84%d8%b5%d8%b9%d9%8a%d8%af-%d8%a7%d9%84%d8%ad%d9%84%d9%82%d8%a9-6-%d8%a7%d9%84%d8%b3%d8%a7%d8%af%d8%b3%d8%a9-2/,0,aflamonlinee.online,مسلسل نسر الصعيد الحلقة 6 السادسة,0
766,https://urcima.com/%d9%85%d8%b3%d9%84%d8%b3%d9%84-%d8%b4%d9%8a%d8%a1-%d9%85%d9%86-%d8%a7%d9%84%d9%85%d8%a7%d8%b6%d9%8a-%d8%a7%d9%84%d8%ad%d9%84%d9%82%d8%a9-21-%d8%a7%d9%84%d8%ad%d8%a7%d8%af%d9%8a%d8%a9-%d9%88%d8%a7/,0,urcima.com,مسلسل شيء من الماضي الحلقة 21 الحادية والعشرون,0
767,https://ramdan.video/%d8%a3%d9%88%d9%84-%d8%b8%d9%87%d9%88%d8%b1-%d9%84%d9%84%d9%86%d8%ac%d9%85%d8%a9-%d9%87%d8%a7%d9%84%d8%a9-%d8%b5%d8%af%d9%82%d9%8a-%d9%81%d9%8a-%d9%85%d8%b3%d9%84%d8%b3%d9%84-%d8%b1%d8%ad%d9%8a_feceade3e.html,1,ramdan.video,"أول ظهور للنجمة "" هالة صدقي "" في مسلسل رحيم ... شوف عايزة ايه من رحيم!!",1
768,https://ramdan.video/%d8%aa%d8%b7%d9%88%d8%b1-%d9%83%d8%a8%d9%8a%d8%b1-%d9%81%d9%8a-%d9%82%d8%b6%d9%8a%d8%a9-%d8%b9%d8%b2%d8%aa-%d8%a7%d9%84%d9%85%d9%86%d8%aa%d8%ad%d8%b1-%d9%87%d9%84-%d9%87%d9%8a%d9%83%d9%88%d9%86_5d6b9bea3.html,0,ramdan.video,"تطور كبير في قضية عزت "" المنتحر "" .. هل هيكون حد في الداخلية له علاقة؟؟ - رحيم",1
769,https://ramdan.video/%d9%85%d8%b3%d9%84%d8%b3%d9%84-%d8%a7%d9%84%d8%ae%d8%a7%d9%88%d8%a9-%d8%a7%d9%84%d8%ac%d8%b2%d8%a1-%d8%a7%d9%84%d8%ab%d8%a7%d9%86%d9%8a-%d8%a3%d9%85%d9%8a%d9%86%d8%a9-%d8%aa%d9%82%d8%aa%d8%b1%d8%ad_5101923d9.html,0,ramdan.video,مسلسل الخاوة الجزء الثاني - أمينة تقترح حل على رحيم,1
770,https://ramdan.video/%d9%85%d8%a7%d9%86%d8%af%d9%88-%d9%8a%d9%87%d8%b1%d8%a8-%d9%85%d9%86-%d8%a7%d9%84%d9%85%d8%b1%d8%a7%d9%82%d8%a8%d8%a9-%d8%a7%d9%84%d9%84%d9%8a-%d8%b9%d9%84%d9%8a%d9%87-%d8%a8%d8%b0%d9%83%d8%a7%d8%a1_524aa3828.html,0,ramdan.video,ماندو يهرب من المراقبة اللي عليه بذكاء !! إتعلم من ماندو,0
771,https://ramdan.video/%d9%85%d8%b3%d9%84%d8%b3%d9%84-%d8%b9%d9%88%d8%a7%d9%84%d9%85-%d8%ae%d9%81%d9%8a%d8%a9-%d9%8a%d8%a7-%d8%aa%d8%b1%d9%8a-%d9%84%d9%8a%d9%87-%d8%a7%d9%84%d8%a3%d9%85%d9%86-%d8%a7%d9%84%d9%88%d8%b7_7271b34b0.html,0,ramdan.video,مسلسل عوالم خفية | يا تري ليه الأمن الوطني قبض علي زيزو؟ وهلال هيعمل ايه,0
772,https://ramdan.video/%d9%84%d8%ad%d8%b8%d8%a9-%d9%87%d8%b1%d9%88%d8%a8-%d8%b4%d9%87%d8%a7%d8%a8-%d9%85%d9%86-%d8%a7%d9%84%d8%a3%d9%85%d9%86-%d8%a7%d9%84%d9%88%d8%b7%d9%86%d9%8a-%d8%a8%d8%b7%d8%b1%d9%8a%d9%82%d8%aa%d9%87_81f4398be.html,0,ramdan.video,لحظة هروب شهاب من الأمن الوطني بطريقته الخاصة - راس الغول,0
773,https://ramdan.video/%d9%84%d9%85%d8%a7-%d8%aa%d9%82%d8%aa%d9%84-%d8%ad%d8%af-%d9%85%d9%86-%d8%a7%d9%84%d8%b4%d8%ad%d8%a7%d8%aa%d9%8a%d9%86-%d9%85%d8%ad%d8%af%d8%b4-%d9%87%d9%8a%d8%b3%d8%a3%d9%84-%f0%9f%98-%b3%d8%b9%d9_d7a45126e.html,0,ramdan.video,لما تقتل حد من الشحاتين محدش هيسأل ,0
774,https://ramdan.video/%d8%b0%d8%a7%d8%aa-%d9%85%d9%88%d9%85%d9%86%d8%aa-%d9%84%d9%85%d8%a7-%d8%aa%d9%83%d9%88%d9%86-%d8%a8%d8%aa%d9%83%d9%84%d9%85-%d8%a3%d9%85-%d8%b5%d8%a7%d8%ad%d8%a8%d9%83-%d9%88%d8%a8%d8%aa%d8%b3%d8%a3_eeaee1b9e.html,0,ramdan.video,ذات مومنت لما تكون بتكلم أم صاحبك وبتسألها عليه | دانتي ولية قليلة الأدب صحيح | #ناجي_عطالله,0
775,https://ramdan.video/%d8%b5%d8%a7%d8%ad%d8%a8%d9%83-%d8%a7%d9%84%d9%84%d9%8a-%d8%a8%d9%8a%d8%ad%d8%a8%d9%83-%d8%a8%d8%ac%d8%af-%d9%87%d9%88-%d8%a7%d9%84%d9%84%d9%8a-%d9%8a%d8%b3%d8%a7%d9%85%d8%ad%d9%83-%d9%85%d9%87%d9%85_0f96e97c1.html,0,ramdan.video,"صاحبك اللي بيحبك بجد هو اللي يسامحك مهما عملت فيها "" صداقة هلال كامل و دراز "" - عوالم خفية",0
776,https://ramdan.video/%d8%a7%d9%84%d8%b4%d8%a7%d8%b1%d8%b9-%d8%a7%d9%84%d9%84%d9%8a-%d9%88%d8%b1%d8%a7%d9%86%d8%a7-%d8%a5%d9%8a%d9%87-%d8%a7%d9%84%d9%84%d9%8a-%d8%b9%d8%b2%d8%aa-%d9%86%d8%a7%d9%88%d9%8a-%d8%b9%d9%84_b901409a9.html,0,ramdan.video,الشارع اللي ورانا | إيه اللي عزت ناوي عليه من كلامه مع نادية وأميرة؟,0
777,https://ramdan.video/%d8%b5%d8%a7%d8%ad%d8%a8%d9%83-%d8%a7%d9%84%d9%84%d9%8a-%d8%a8%d9%8a%d8%ad%d8%a8%d9%83-%d8%a8%d8%ac%d8%af-%d9%87%d9%8a-%d8%a7%d9%84%d9%84%d9%8a-%d9%87%d9%8a%d8%ae%d8%a7%d9%81-%d8%b9%d9%84%d9%8a%d9%83_33dbfa0f5.html,0,ramdan.video,"صاحبك اللي بيحبك بجد هي اللي هيخاف عليك "" شوف صاحب خالد النبوي بيحبه ولا ايه ؟ "" - 7 أرواح",0
778,https://ramdan.video/%d8%a7%d9%84%d8%b4%d8%a7%d8%b1%d8%b9-%d8%a7%d9%84%d9%84%d9%8a-%d9%88%d8%b1%d8%a7%d9%86%d8%a7-%d8%b5%d8%af%d9%85%d8%a9-%d8%ab%d9%86%d8%a7%d8%a1-%d9%85%d9%86-%d8%a7%d9%84%d9%84%d9%8a-%d8%b4%d8%a7%d9%81_85fe6a64e.html,0,ramdan.video,الشارع اللي ورانا| صدمة ثناء من اللي شافته كان لازم يكون ده رد فعلها,0
779,https://ramdan.video/%d8%b5%d8%af%d9%85%d8%a9-%d8%af%d8%a7%d9%84%d9%8a%d8%a7-%d9%84%d9%85%d8%a7-%d8%a7%d9%84%d8%b9%d9%85%d9%8a%d8%af-%d8%a3%d8%ad%d9%85%d8%af-%d8%a7%d9%84%d8%af%d9%8a%d8%a8-%d9%81%d8%aa%d8%b4-%d8%a7%d9%84_fd98ce867.html,0,ramdan.video,صدمة داليا لما العميد أحمد الديب فتش البيت ودخل عليها الحمام!! - رحيم,1
780,https://ramdan.video/%d8%a8%d8%b1%d9%86%d8%a7%d9%85%d8%ac-%d8%b1%d8%a7%d9%85%d8%b2-%d8%ac%d9%84%d8%a7%d9%84-%d8%aa%d8%ad%d8%aa-%d8%a7%d9%84%d8%ab%d9%84%d8%ac-%d8%a7%d9%84%d8%ad%d9%84%d9%82%d8%a9-%d8%a7%d9%84%d8%b1%d8%a7_192d239b7.html,0,ramdan.video,برنامج رامز جلال تحت الثلج الحلقة الرابعة,0
781,https://ramdan.video/%d9%85%d8%b3%d9%84%d8%b3%d9%84-%d8%b9%d9%88%d8%a7%d9%84%d9%85-%d8%ae%d9%81%d9%8a%d8%a9-%d8%aa%d9%81%d8%aa%d9%83%d8%b1%d9%88%d8%a7-%d9%85%d9%8a%d9%86-%d9%87%d9%88-%d8%a7%d9%84%d9%85%d8%b3%d9%8a_64113ca16.html,0,ramdan.video,مسلسل عوالم خفية |  تفتكروا مين هو المسيو اللي بيدور عنه هلال ؟,0
782,https://ramdan.video/%d8%b9%d9%88%d8%a7%d9%84%d9%85-%d8%ae%d9%81%d9%8a%d8%a9-%d9%85%d9%88%d8%a7%d8%ac%d9%87%d8%a9-%d8%a8%d9%8a%d9%86-%d9%87%d9%84%d8%a7%d9%84-%d9%83%d8%a7%d9%85%d9%84-%d9%88%d8%a8%d9%8a%d9%86-%d8%a7_804aae4f5.html,0,ramdan.video,عوالم خفية | مواجهة بين هلال كامل وبين اللي ضربوه علشان بيدور في ملفات قديمة,0
783,https://ramdan.video/%d9%85%d8%b3%d9%84%d8%b3%d9%84-%d8%b7%d8%a7%d9%8a%d8%b9-%d9%85%d9%87%d8%ac%d8%a9-%d9%88%d8%b7%d8%a7%d9%8a%d8%b9-%d9%87%d8%b1%d8%a8%d9%88%d8%a7-%d9%84%d9%84%d9%82%d8%a7%d9%87%d8%b1%d8%a9-%d9%8a_5a054d436.html,0,ramdan.video,مسلسل طايع | مهجة وطايع هربوا للقاهرة .. ياترى الريس حربي هيعرف مكانهم ؟,0
784,https://ramdan.video/%d9%85%d8%b3%d9%84%d8%b3%d9%84-%d8%b7%d8%a7%d9%8a%d8%b9-%d8%b7%d8%a7%d9%8a%d8%b9-%d9%82%d8%af%d8%b1-%d9%8a%d9%88%d8%b5%d9%84-%d9%84%d8%b3%d8%b1%d8%a7%d8%ac-%d9%8a%d8%a7%d8%aa%d8%b1%d9%89-%d9%87_0ed77d4cc.html,0,ramdan.video,مسلسل طايع |  طايع قدر يوصل لسراج.. ياترى هيساعده في المشكلة الجديدة اللي وقع فيها ؟,0
785,https://ramdan.video/%d9%85%d8%b3%d9%84%d8%b3%d9%84-%d8%a7%d9%84%d8%ae%d8%b1%d9%88%d8%ac-%d8%b9%d9%84%d8%a7-%d8%ba%d8%a7%d9%86%d9%85-%d9%88%d8%a3%d8%ae%d8%aa%d9%87%d8%a7-%d8%aa%d9%83%d8%b4%d9%81-%d9%84%d9%80-%d8%a3_b3030fd35.html,0,ramdan.video,"مسلسل الخروج - علا غانم وأختها تكشف لـ ""أحمد كمال""حقيقة صاحب عمره ""كان بينام مع أختك""",0
786,https://ramdan.video/%d9%84%d9%88-%d8%b1%d8%a3%d9%8a%d9%86%d8%a7%d9%87-29-05-2018%d8%a8%d8%b1%d9%86%d8%a7%d9%85%d8%ac-%d9%84%d9%88-%d8%b1%d8%a3%d9%8a%d9%86%d8%a7%d9%87-%d9%85%d8%b9-%d8%a7%d9%84%d8%af%d8%a7%d8%b9%d9%8a_f10c1308b.html,0,ramdan.video,لو رأيناه 29-05-2018برنامج لو رأيناه مع الداعية الإسلامي أحمد الطلحي يتناول السيرة العطرة لسيد الخلق,0
787,https://ramdan.video/%d9%84%d9%88-%d8%b1%d8%a3%d9%8a%d9%86%d8%a7%d9%87-30-05-2018%d8%a8%d8%b1%d9%86%d8%a7%d9%85%d8%ac-%d9%84%d9%88-%d8%b1%d8%a3%d9%8a%d9%86%d8%a7%d9%87-%d9%85%d8%b9-%d8%a7%d9%84%d8%af%d8%a7%d8%b9%d9%8a_d9e7dd8dc.html,0,ramdan.video,لو رأيناه 30-05-2018برنامج لو رأيناه مع الداعية الإسلامي أحمد الطلحي يتناول السيرة العطرة لسيد الخلق,0
788,https://ramdan.video/%d9%85%d9%84%d9%8a%d9%83%d8%a9-%d9%85%d9%84%d9%8a%d9%83%d8%a9-%d8%a7%d9%81%d8%aa%d9%83%d8%b1%d8%aa-%d9%85%d9%88%d9%82%d9%81-%d8%a8%d9%8a%d9%86%d9%87%d8%a7-%d9%88%d8%a8%d9%8a%d9%86%d8%a2%d9%8a_bb7210179.html,0,ramdan.video,"مليكة | ""مليكة"" افتكرت موقف بينها وبين""آية"" بعد ما ""شريف"" جاب سيرتها بس المفاجأة اللي حصلت مش مفهومة",0
789,http://www.gdedak.tv/series/episodes-online/6000-%D9%85%D8%B3%D9%84%D8%B3%D9%84-%D8%B6%D8%AF-%D9%85%D8%AC%D9%87%D9%88%D9%84-%D8%A7%D9%84%D8%AD%D9%84%D9%82%D8%A9-20/#playVideo,0,www.gdedak.tv,مسلسل ضد مجهول الحلقة 20 العشرون كاملة,0
790,http://www.gdedak.tv/series/episodes-online/6041-%D9%85%D8%B3%D9%84%D8%B3%D9%84-%D8%B6%D8%AF-%D9%85%D8%AC%D9%87%D9%88%D9%84-%D8%A7%D9%84%D8%AD%D9%84%D9%82%D8%A9-21/#playVideo,0,www.gdedak.tv,مسلسل ضد مجهول الحلقة 21 الحادية والعشرون كاملة,0
791,http://www.gdedak.tv/series/episodes-online/6040-%D9%85%D8%B3%D9%84%D8%B3%D9%84-%D9%84%D9%8A%D8%A7%D9%84%D9%8A-%D8%A7%D9%88%D8%AC%D9%8A%D9%86%D9%8A-%D8%A7%D9%84%D8%AD%D9%84%D9%82%D8%A9-21/#playVideo,0,www.gdedak.tv,مسلسل ليالي اوجيني الحلقة 21 الحادية والعشرون كاملة,0
792,http://www.gdedak.tv/series/episodes-online/6006-%D9%85%D8%B3%D9%84%D8%B3%D9%84-%D9%84%D8%B9%D9%86%D8%A9-%D9%83%D8%A7%D8%B1%D9%85%D8%A7-%D8%A7%D9%84%D8%AD%D9%84%D9%82%D8%A9-21/#playVideo,0,www.gdedak.tv,مسلسل لعنة كارما الحلقة 21 الحادية والعشرون كاملة,0
793,http://www.gdedak.tv/series/episodes-online/6048-%D9%85%D8%B3%D9%84%D8%B3%D9%84-%D9%84%D8%B9%D9%86%D8%A9-%D9%83%D8%A7%D8%B1%D9%85%D8%A7-%D8%A7%D9%84%D8%AD%D9%84%D9%82%D8%A9-22/#playVideo,0,www.gdedak.tv,مسلسل لعنة كارما الحلقة 22 الثانية والعشرون كاملة,0
794,http://www.gdedak.tv/series/episodes-online/6032-%D9%85%D8%B3%D9%84%D8%B3%D9%84-%D8%A7%D8%A8%D9%88-%D8%B9%D9%85%D8%B1-%D8%A7%D9%84%D9%85%D8%B5%D8%B1%D9%8A-%D8%A7%D9%84%D8%AD%D9%84%D9%82%D8%A9-21/#playVideo,0,www.gdedak.tv,مسلسل ابو عمر المصري الحلقة 21 الحادية والعشرون كاملة,0
795,http://urcima.com/%d9%85%d8%b3%d9%84%d8%b3%d9%84-%d8%b4%d9%8a%d8%a1-%d9%85%d9%86-%d8%a7%d9%84%d9%85%d8%a7%d8%b6%d9%8a-%d8%a7%d9%84%d8%ad%d9%84%d9%82%d8%a9-21-%d8%a7%d9%84%d8%ad%d8%a7%d8%af%d9%8a%d8%a9-%d9%88%d8%a7/,0,urcima.com,مسلسل شيء من الماضي الحلقة 21 الحادية والعشرون,0
801,https://www.emotionvideo-tv.com/watch.php?vid=dbf5b3bda,0,www.emotionvideo-tv.com,مشاهدة فيلم Breakable You 2017 مترجم HD اون لاين,0
802,https://www.taslyia.me/video/b5d764c7d,0,www.taslyia.me,"
رسايل الحلقة 14 الرابعة عشر | رسايل حلقة 14 كاملة
",0
